id_cliente;probabilidad_abandono;riesgo
1;0.0;
2;0.0;
3;0.03;Bajo
4;0.0;
5;0.1;Bajo
6;0.16;Bajo
7;0.81;Alto
8;0.02;Bajo
9;0.05;Bajo
10;0.02;Bajo
11;0.01;Bajo
12;0.18;Bajo
13;0.75;Alto
14;0.11;Bajo
15;0.02;Bajo
16;0.11;Bajo
17;0.18;Bajo
18;0.05;Bajo
19;0.1;Bajo
20;0.01;Bajo
21;0.83;Alto
22;0.03;Bajo
23;0.06;Bajo
24;0.11;Bajo
25;0.03;Bajo
26;0.02;Bajo
27;0.75;Alto
28;0.08;Bajo
29;0.04;Bajo
30;0.04;Bajo
31;0.1;Bajo
32;0.75;Alto
33;0.84;Alto
34;0.0;
35;0.15;Bajo
36;0.75;Alto
37;0.15;Bajo
38;0.01;Bajo
39;0.03;Bajo
40;0.08;Bajo
41;0.0;
42;0.7;Medio
43;0.02;Bajo
44;0.53;Medio
45;0.13;Bajo
46;0.09;Bajo
47;0.0;
48;0.14;Bajo
49;0.32;Medio
50;0.02;Bajo
51;0.0;
52;0.84;Alto
53;0.9;Alto
54;0.76;Alto
55;0.74;Alto
56;0.02;Bajo
57;0.41;Medio
58;0.0;
59;0.05;Bajo
60;0.04;Bajo
61;0.13;Bajo
62;0.08;Bajo
63;0.07;Bajo
64;0.98;Alto
65;0.02;Bajo
66;0.11;Bajo
67;0.05;Bajo
68;0.05;Bajo
69;0.0;
70;0.0;
71;0.02;Bajo
72;0.0;
73;0.08;Bajo
74;0.82;Alto
75;0.06;Bajo
76;0.0;
77;0.15;Bajo
78;0.02;Bajo
79;0.07;Bajo
80;0.0;
81;0.73;Alto
82;0.63;Medio
83;0.54;Medio
84;0.0;
85;0.71;Alto
86;0.09;Bajo
87;0.05;Bajo
88;0.83;Alto
89;0.0;
90;0.01;Bajo
91;0.82;Alto
92;0.59;Medio
93;0.18;Bajo
94;0.05;Bajo
95;0.04;Bajo
96;0.96;Alto
97;0.02;Bajo
98;0.05;Bajo
99;0.02;Bajo
100;0.67;Medio
101;0.0;
102;0.47;Medio
103;0.03;Bajo
104;0.07;Bajo
105;0.04;Bajo
106;0.61;Medio
107;0.01;Bajo
108;0.72;Alto
109;0.02;Bajo
110;0.02;Bajo
111;0.1;Bajo
112;0.0;
113;0.31;Medio
114;0.0;
115;0.01;Bajo
116;0.01;Bajo
117;0.17;Bajo
118;0.75;Alto
119;0.0;
120;0.05;Bajo
121;0.0;
122;0.13;Bajo
123;0.07;Bajo
124;0.09;Bajo
125;0.67;Medio
126;0.57;Medio
127;0.04;Bajo
128;0.05;Bajo
129;0.87;Alto
130;0.89;Alto
131;0.1;Bajo
132;0.14;Bajo
133;0.02;Bajo
134;0.25;Bajo
135;0.08;Bajo
136;0.02;Bajo
137;0.0;
138;0.04;Bajo
139;0.0;
140;0.03;Bajo
141;0.02;Bajo
142;0.11;Bajo
143;0.76;Alto
144;0.07;Bajo
145;0.08;Bajo
146;0.0;
147;0.74;Alto
148;0.07;Bajo
149;0.14;Bajo
150;0.29;Bajo
151;0.03;Bajo
152;0.03;Bajo
153;0.07;Bajo
154;0.81;Alto
155;0.27;Bajo
156;0.97;Alto
157;0.26;Bajo
158;0.02;Bajo
159;0.0;
160;0.14;Bajo
161;0.17;Bajo
162;0.16;Bajo
163;0.23;Bajo
164;0.01;Bajo
165;0.84;Alto
166;0.08;Bajo
167;0.01;Bajo
168;0.27;Bajo
169;0.14;Bajo
170;0.0;
171;0.94;Alto
172;0.39;Medio
173;0.06;Bajo
174;0.05;Bajo
175;0.84;Alto
176;0.81;Alto
177;0.04;Bajo
178;0.0;
179;0.06;Bajo
180;0.18;Bajo
181;0.66;Medio
182;0.08;Bajo
183;0.04;Bajo
184;0.73;Alto
185;0.09;Bajo
186;0.07;Bajo
187;0.0;
188;0.12;Bajo
189;0.06;Bajo
190;0.03;Bajo
191;0.04;Bajo
192;0.06;Bajo
193;0.69;Medio
194;0.04;Bajo
195;0.23;Bajo
196;0.96;Alto
197;0.12;Bajo
198;0.0;
199;0.01;Bajo
200;0.73;Alto
201;0.13;Bajo
202;0.72;Alto
203;0.23;Bajo
204;0.32;Medio
205;0.31;Medio
206;0.12;Bajo
207;0.07;Bajo
208;0.73;Alto
209;0.05;Bajo
210;0.0;
211;0.83;Alto
212;0.17;Bajo
213;0.53;Medio
214;0.06;Bajo
215;0.23;Bajo
216;0.7;Medio
217;0.86;Alto
218;0.03;Bajo
219;0.04;Bajo
220;0.81;Alto
221;0.82;Alto
222;0.74;Alto
223;0.04;Bajo
224;0.02;Bajo
225;0.25;Bajo
226;0.03;Bajo
227;0.08;Bajo
228;0.04;Bajo
229;0.59;Medio
230;0.03;Bajo
231;0.25;Bajo
232;0.01;Bajo
233;0.2;Bajo
234;0.07;Bajo
235;0.08;Bajo
236;0.01;Bajo
237;0.06;Bajo
238;0.01;Bajo
239;0.22;Bajo
240;0.2;Bajo
241;0.06;Bajo
242;0.02;Bajo
243;0.65;Medio
244;0.19;Bajo
245;0.73;Alto
246;0.04;Bajo
247;0.84;Alto
248;0.6;Medio
249;0.75;Alto
250;0.11;Bajo
251;0.75;Alto
252;0.03;Bajo
253;0.03;Bajo
254;0.01;Bajo
255;0.29;Bajo
256;0.69;Medio
257;0.07;Bajo
258;0.68;Medio
259;0.9;Alto
260;0.01;Bajo
261;0.03;Bajo
262;0.23;Bajo
263;0.07;Bajo
264;0.14;Bajo
265;0.12;Bajo
266;0.1;Bajo
267;0.79;Alto
268;0.0;
269;0.25;Bajo
270;0.07;Bajo
271;0.23;Bajo
272;0.15;Bajo
273;0.75;Alto
274;0.1;Bajo
275;0.29;Bajo
276;0.89;Alto
277;0.74;Alto
278;0.81;Alto
279;0.05;Bajo
280;0.02;Bajo
281;0.01;Bajo
282;0.17;Bajo
283;0.07;Bajo
284;0.23;Bajo
285;0.02;Bajo
286;0.06;Bajo
287;0.13;Bajo
288;0.94;Alto
289;0.34;Medio
290;0.02;Bajo
291;0.15;Bajo
292;0.03;Bajo
293;0.23;Bajo
294;0.0;
295;0.0;
296;0.08;Bajo
297;0.03;Bajo
298;0.68;Medio
299;0.86;Alto
300;0.14;Bajo
301;0.04;Bajo
302;0.03;Bajo
303;0.16;Bajo
304;0.02;Bajo
305;0.02;Bajo
306;0.57;Medio
307;0.89;Alto
308;0.0;
309;0.1;Bajo
310;0.03;Bajo
311;0.44;Medio
312;0.08;Bajo
313;0.08;Bajo
314;0.05;Bajo
315;0.0;
316;0.79;Alto
317;0.18;Bajo
318;0.48;Medio
319;0.01;Bajo
320;0.04;Bajo
321;0.12;Bajo
322;0.18;Bajo
323;0.05;Bajo
324;0.07;Bajo
325;0.06;Bajo
326;0.02;Bajo
327;0.0;
328;0.02;Bajo
329;0.11;Bajo
330;0.12;Bajo
331;0.11;Bajo
332;0.2;Bajo
333;0.03;Bajo
334;0.13;Bajo
335;0.81;Alto
336;0.01;Bajo
337;0.08;Bajo
338;0.01;Bajo
339;0.9;Alto
340;0.02;Bajo
341;0.63;Medio
342;0.8;Alto
343;0.78;Alto
344;0.69;Medio
345;0.29;Bajo
346;0.03;Bajo
347;0.9;Alto
348;0.15;Bajo
349;0.08;Bajo
350;0.15;Bajo
351;0.07;Bajo
352;0.12;Bajo
353;0.94;Alto
354;0.03;Bajo
355;0.0;
356;0.43;Medio
357;0.23;Bajo
358;0.97;Alto
359;0.04;Bajo
360;0.0;
361;0.78;Alto
362;0.13;Bajo
363;0.23;Bajo
364;0.02;Bajo
365;0.11;Bajo
366;0.7;Medio
367;0.67;Medio
368;0.01;Bajo
369;0.12;Bajo
370;0.82;Alto
371;0.07;Bajo
372;0.02;Bajo
373;0.93;Alto
374;0.08;Bajo
375;0.01;Bajo
376;0.29;Bajo
377;0.0;
378;0.07;Bajo
379;0.0;
380;0.06;Bajo
381;0.35;Medio
382;0.09;Bajo
383;0.18;Bajo
384;0.09;Bajo
385;0.02;Bajo
386;0.0;
387;0.16;Bajo
388;0.09;Bajo
389;0.0;
390;0.04;Bajo
391;0.01;Bajo
392;0.05;Bajo
393;0.79;Alto
394;0.11;Bajo
395;0.02;Bajo
396;0.0;
397;0.9;Alto
398;0.73;Alto
399;0.0;
400;0.04;Bajo
401;0.2;Bajo
402;0.0;
403;0.0;
404;0.0;
405;0.03;Bajo
406;0.03;Bajo
407;0.06;Bajo
408;0.9;Alto
409;0.04;Bajo
410;0.0;
411;0.07;Bajo
412;0.07;Bajo
413;0.04;Bajo
414;0.85;Alto
415;0.21;Bajo
416;0.13;Bajo
417;0.01;Bajo
418;0.06;Bajo
419;0.18;Bajo
420;0.02;Bajo
421;0.04;Bajo
422;0.07;Bajo
423;0.02;Bajo
424;0.06;Bajo
425;0.08;Bajo
426;0.0;
427;0.05;Bajo
428;0.75;Alto
429;0.14;Bajo
430;0.0;
431;0.87;Alto
432;0.72;Alto
433;0.09;Bajo
434;0.0;
435;0.02;Bajo
436;0.14;Bajo
437;0.0;
438;0.1;Bajo
439;0.11;Bajo
440;0.09;Bajo
441;0.76;Alto
442;0.05;Bajo
443;0.84;Alto
444;0.03;Bajo
445;0.06;Bajo
446;0.05;Bajo
447;0.02;Bajo
448;0.16;Bajo
449;0.24;Bajo
450;0.11;Bajo
451;0.04;Bajo
452;0.1;Bajo
453;0.05;Bajo
454;0.05;Bajo
455;0.01;Bajo
456;0.03;Bajo
457;0.0;
458;0.02;Bajo
459;0.1;Bajo
460;0.01;Bajo
461;0.86;Alto
462;0.07;Bajo
463;0.88;Alto
464;0.61;Medio
465;0.59;Medio
466;0.01;Bajo
467;0.0;
468;0.27;Bajo
469;0.0;
470;0.06;Bajo
471;0.04;Bajo
472;0.85;Alto
473;0.0;
474;0.01;Bajo
475;0.06;Bajo
476;0.51;Medio
477;0.0;
478;0.09;Bajo
479;0.0;
480;0.87;Alto
481;0.01;Bajo
482;0.95;Alto
483;0.48;Medio
484;0.04;Bajo
485;0.19;Bajo
486;0.13;Bajo
487;0.02;Bajo
488;0.08;Bajo
489;0.24;Bajo
490;0.06;Bajo
491;0.36;Medio
492;0.98;Alto
493;0.59;Medio
494;0.01;Bajo
495;0.28;Bajo
496;0.14;Bajo
497;0.68;Medio
498;0.02;Bajo
499;0.87;Alto
500;0.0;
501;0.28;Bajo
502;0.98;Alto
503;0.01;Bajo
504;0.01;Bajo
505;0.0;
506;0.75;Alto
507;0.0;
508;0.91;Alto
509;0.02;Bajo
510;0.0;
511;0.1;Bajo
512;0.0;
513;0.02;Bajo
514;0.01;Bajo
515;0.01;Bajo
516;0.03;Bajo
517;0.74;Alto
518;0.03;Bajo
519;0.06;Bajo
520;0.0;
521;0.78;Alto
522;0.92;Alto
523;0.33;Medio
524;0.05;Bajo
525;0.84;Alto
526;0.05;Bajo
527;0.78;Alto
528;0.7;Medio
529;0.01;Bajo
530;0.13;Bajo
531;0.13;Bajo
532;0.0;
533;0.02;Bajo
534;0.96;Alto
535;0.0;
536;0.02;Bajo
537;0.03;Bajo
538;0.01;Bajo
539;0.03;Bajo
540;0.9;Alto
541;0.1;Bajo
542;0.01;Bajo
543;0.12;Bajo
544;0.01;Bajo
545;0.01;Bajo
546;0.05;Bajo
547;0.02;Bajo
548;0.79;Alto
549;0.11;Bajo
550;0.87;Alto
551;0.03;Bajo
552;0.15;Bajo
553;0.0;
554;0.0;
555;0.05;Bajo
556;0.11;Bajo
557;0.13;Bajo
558;0.0;
559;0.18;Bajo
560;0.07;Bajo
561;0.1;Bajo
562;0.02;Bajo
563;0.64;Medio
564;0.02;Bajo
565;0.01;Bajo
566;0.03;Bajo
567;0.81;Alto
568;0.75;Alto
569;0.0;
570;0.03;Bajo
571;0.93;Alto
572;0.2;Bajo
573;0.0;
574;0.32;Medio
575;0.85;Alto
576;0.83;Alto
577;0.15;Bajo
578;0.95;Alto
579;0.17;Bajo
580;0.03;Bajo
581;0.92;Alto
582;0.2;Bajo
583;0.0;
584;0.05;Bajo
585;0.98;Alto
586;0.04;Bajo
587;0.25;Bajo
588;0.8;Alto
589;0.02;Bajo
590;0.01;Bajo
591;0.68;Medio
592;0.16;Bajo
593;0.17;Bajo
594;0.02;Bajo
595;0.19;Bajo
596;0.01;Bajo
597;0.43;Medio
598;0.08;Bajo
599;0.66;Medio
600;0.09;Bajo
601;0.66;Medio
602;0.11;Bajo
603;0.0;
604;0.07;Bajo
605;0.07;Bajo
606;0.77;Alto
607;0.26;Bajo
608;0.1;Bajo
609;0.0;
610;0.66;Medio
611;0.0;
612;0.0;
613;0.19;Bajo
614;0.88;Alto
615;0.06;Bajo
616;0.39;Medio
617;0.88;Alto
618;0.16;Bajo
619;0.02;Bajo
620;0.56;Medio
621;0.84;Alto
622;0.65;Medio
623;0.78;Alto
624;0.63;Medio
625;0.17;Bajo
626;0.0;
627;0.1;Bajo
628;0.01;Bajo
629;0.41;Medio
630;0.01;Bajo
631;0.05;Bajo
632;0.04;Bajo
633;0.1;Bajo
634;0.07;Bajo
635;0.08;Bajo
636;0.34;Medio
637;0.07;Bajo
638;0.0;
639;0.84;Alto
640;0.67;Medio
641;0.19;Bajo
642;0.14;Bajo
643;0.01;Bajo
644;0.19;Bajo
645;0.32;Medio
646;0.6;Medio
647;0.05;Bajo
648;0.01;Bajo
649;0.0;
650;0.8;Alto
651;0.05;Bajo
652;0.0;
653;0.06;Bajo
654;0.0;
655;0.91;Alto
656;0.2;Bajo
657;0.19;Bajo
658;0.81;Alto
659;0.14;Bajo
660;0.93;Alto
661;0.05;Bajo
662;0.19;Bajo
663;0.86;Alto
664;0.01;Bajo
665;0.1;Bajo
666;0.07;Bajo
667;0.03;Bajo
668;0.11;Bajo
669;0.0;
670;0.01;Bajo
671;0.13;Bajo
672;0.0;
673;0.23;Bajo
674;0.69;Medio
675;0.83;Alto
676;0.1;Bajo
677;0.02;Bajo
678;0.67;Medio
679;0.01;Bajo
680;0.79;Alto
681;0.0;
682;0.08;Bajo
683;0.2;Bajo
684;0.77;Alto
685;0.05;Bajo
686;0.0;
687;0.13;Bajo
688;0.11;Bajo
689;0.07;Bajo
690;0.03;Bajo
691;0.19;Bajo
692;0.32;Medio
693;0.02;Bajo
694;0.19;Bajo
695;0.04;Bajo
696;0.87;Alto
697;0.95;Alto
698;0.37;Medio
699;0.1;Bajo
700;0.74;Alto
701;0.0;
702;0.46;Medio
703;0.24;Bajo
704;0.0;
705;0.25;Bajo
706;0.29;Bajo
707;0.0;
708;0.98;Alto
709;0.09;Bajo
710;0.06;Bajo
711;0.01;Bajo
712;0.06;Bajo
713;0.08;Bajo
714;0.61;Medio
715;0.79;Alto
716;0.04;Bajo
717;0.25;Bajo
718;0.36;Medio
719;0.08;Bajo
720;0.16;Bajo
721;0.18;Bajo
722;0.96;Alto
723;0.01;Bajo
724;0.11;Bajo
725;0.53;Medio
726;0.03;Bajo
727;0.2;Bajo
728;0.15;Bajo
729;0.18;Bajo
730;0.0;
731;0.02;Bajo
732;0.79;Alto
733;0.13;Bajo
734;0.1;Bajo
735;0.0;
736;0.0;
737;0.02;Bajo
738;0.06;Bajo
739;0.03;Bajo
740;0.06;Bajo
741;0.07;Bajo
742;0.03;Bajo
743;0.72;Alto
744;0.81;Alto
745;0.69;Medio
746;0.34;Medio
747;0.87;Alto
748;0.0;
749;0.99;Alto
750;0.0;
751;0.01;Bajo
752;0.01;Bajo
753;0.08;Bajo
754;0.15;Bajo
755;0.02;Bajo
756;0.09;Bajo
757;0.02;Bajo
758;0.0;
759;0.18;Bajo
760;0.26;Bajo
761;0.01;Bajo
762;0.06;Bajo
763;0.58;Medio
764;0.03;Bajo
765;0.01;Bajo
766;0.7;Medio
767;0.11;Bajo
768;0.53;Medio
769;0.13;Bajo
770;0.66;Medio
771;0.0;
772;0.04;Bajo
773;0.05;Bajo
774;0.76;Alto
775;0.0;
776;0.88;Alto
777;0.7;Medio
778;0.13;Bajo
779;0.64;Medio
780;0.1;Bajo
781;0.15;Bajo
782;0.02;Bajo
783;0.63;Medio
784;0.89;Alto
785;0.06;Bajo
786;0.01;Bajo
787;0.21;Bajo
788;0.32;Medio
789;0.67;Medio
790;0.06;Bajo
791;0.02;Bajo
792;0.02;Bajo
793;0.08;Bajo
794;0.0;
795;0.3;Bajo
796;0.94;Alto
797;0.06;Bajo
798;0.44;Medio
799;0.03;Bajo
800;0.02;Bajo
801;0.02;Bajo
802;0.05;Bajo
803;0.02;Bajo
804;0.22;Bajo
805;0.05;Bajo
806;0.02;Bajo
807;0.0;
808;0.0;
809;0.72;Alto
810;0.22;Bajo
811;0.83;Alto
812;0.74;Alto
813;0.91;Alto
814;0.0;
815;0.09;Bajo
816;0.03;Bajo
817;0.72;Alto
818;0.73;Alto
819;0.91;Alto
820;0.04;Bajo
821;0.78;Alto
822;0.0;
823;0.2;Bajo
824;0.28;Bajo
825;0.1;Bajo
826;0.0;
827;0.03;Bajo
828;0.03;Bajo
829;0.05;Bajo
830;0.91;Alto
831;0.16;Bajo
832;0.12;Bajo
833;0.0;
834;0.01;Bajo
835;0.04;Bajo
836;0.12;Bajo
837;0.01;Bajo
838;0.63;Medio
839;0.11;Bajo
840;0.13;Bajo
841;0.0;
842;0.12;Bajo
843;0.25;Bajo
844;0.04;Bajo
845;0.2;Bajo
846;0.81;Alto
847;0.67;Medio
848;0.12;Bajo
849;0.02;Bajo
850;0.07;Bajo
851;0.33;Medio
852;0.45;Medio
853;0.0;
854;0.74;Alto
855;0.42;Medio
856;0.22;Bajo
857;0.81;Alto
858;0.06;Bajo
859;0.34;Medio
860;0.05;Bajo
861;0.05;Bajo
862;0.7;Medio
863;0.14;Bajo
864;0.02;Bajo
865;0.02;Bajo
866;0.34;Medio
867;0.3;Bajo
868;0.93;Alto
869;0.0;
870;0.03;Bajo
871;0.01;Bajo
872;0.04;Bajo
873;0.66;Medio
874;0.1;Bajo
875;0.08;Bajo
876;0.02;Bajo
877;0.05;Bajo
878;0.72;Alto
879;0.34;Medio
880;0.54;Medio
881;0.08;Bajo
882;0.19;Bajo
883;0.02;Bajo
884;0.88;Alto
885;0.01;Bajo
886;0.02;Bajo
887;0.05;Bajo
888;0.02;Bajo
889;0.01;Bajo
890;0.02;Bajo
891;0.0;
892;0.05;Bajo
893;0.1;Bajo
894;0.0;
895;0.0;
896;0.07;Bajo
897;0.0;
898;0.18;Bajo
899;0.06;Bajo
900;0.01;Bajo
901;0.78;Alto
902;0.08;Bajo
903;0.01;Bajo
904;0.21;Bajo
905;0.02;Bajo
906;0.77;Alto
907;0.02;Bajo
908;0.0;
909;0.0;
910;0.18;Bajo
911;0.01;Bajo
912;0.1;Bajo
913;0.04;Bajo
914;0.82;Alto
915;0.79;Alto
916;0.84;Alto
917;0.07;Bajo
918;0.97;Alto
919;0.19;Bajo
920;0.03;Bajo
921;0.01;Bajo
922;0.07;Bajo
923;0.02;Bajo
924;0.02;Bajo
925;0.0;
926;0.08;Bajo
927;0.72;Alto
928;0.0;
929;0.25;Bajo
930;0.06;Bajo
931;0.39;Medio
932;0.22;Bajo
933;0.0;
934;0.82;Alto
935;0.68;Medio
936;0.13;Bajo
937;0.03;Bajo
938;0.04;Bajo
939;0.0;
940;0.67;Medio
941;0.0;
942;0.08;Bajo
943;0.0;
944;0.0;
945;0.11;Bajo
946;0.09;Bajo
947;0.08;Bajo
948;0.0;
949;0.77;Alto
950;0.13;Bajo
951;0.04;Bajo
952;0.3;Bajo
953;0.15;Bajo
954;0.25;Bajo
955;0.93;Alto
956;0.79;Alto
957;0.01;Bajo
958;0.33;Medio
959;0.01;Bajo
960;0.03;Bajo
961;0.53;Medio
962;0.01;Bajo
963;0.37;Medio
964;0.08;Bajo
965;0.05;Bajo
966;0.9;Alto
967;0.19;Bajo
968;0.04;Bajo
969;0.02;Bajo
970;0.08;Bajo
971;0.08;Bajo
972;0.98;Alto
973;0.81;Alto
974;0.67;Medio
975;0.04;Bajo
976;0.02;Bajo
977;0.01;Bajo
978;0.02;Bajo
979;0.01;Bajo
980;0.0;
981;0.09;Bajo
982;0.01;Bajo
983;0.0;
984;0.05;Bajo
985;0.81;Alto
986;0.41;Medio
987;0.02;Bajo
988;0.14;Bajo
989;0.12;Bajo
990;0.69;Medio
991;0.02;Bajo
992;0.02;Bajo
993;0.04;Bajo
994;0.0;
995;0.01;Bajo
996;0.04;Bajo
997;0.07;Bajo
998;0.04;Bajo
999;0.01;Bajo
1000;0.26;Bajo
1001;0.79;Alto
1002;0.19;Bajo
1003;0.02;Bajo
1004;0.7;Medio
1005;0.04;Bajo
1006;0.02;Bajo
1007;0.73;Alto
1008;0.03;Bajo
1009;0.05;Bajo
1010;0.03;Bajo
1011;0.68;Medio
1012;0.0;
1013;0.02;Bajo
1014;0.2;Bajo
1015;0.07;Bajo
1016;0.27;Bajo
1017;0.09;Bajo
1018;0.05;Bajo
1019;0.36;Medio
1020;0.0;
1021;0.69;Medio
1022;0.49;Medio
1023;0.9;Alto
1024;0.81;Alto
1025;0.31;Medio
1026;0.8;Alto
1027;0.14;Bajo
1028;0.09;Bajo
1029;0.1;Bajo
1030;0.04;Bajo
1031;0.0;
1032;0.3;Bajo
1033;0.03;Bajo
1034;0.01;Bajo
1035;0.0;
1036;0.59;Medio
1037;0.92;Alto
1038;0.04;Bajo
1039;0.01;Bajo
1040;0.13;Bajo
1041;0.83;Alto
1042;0.02;Bajo
1043;0.66;Medio
1044;0.33;Medio
1045;0.09;Bajo
1046;0.01;Bajo
1047;0.66;Medio
1048;0.95;Alto
1049;0.28;Bajo
1050;0.03;Bajo
1051;0.19;Bajo
1052;0.4;Medio
1053;0.0;
1054;0.29;Bajo
1055;0.05;Bajo
1056;0.02;Bajo
1057;0.04;Bajo
1058;0.0;
1059;0.07;Bajo
1060;0.82;Alto
1061;0.08;Bajo
1062;0.74;Alto
1063;0.08;Bajo
1064;0.89;Alto
1065;0.91;Alto
1066;0.67;Medio
1067;0.79;Alto
1068;0.01;Bajo
1069;0.0;
1070;0.05;Bajo
1071;0.12;Bajo
1072;0.1;Bajo
1073;0.02;Bajo
1074;0.87;Alto
1075;0.01;Bajo
1076;0.01;Bajo
1077;0.05;Bajo
1078;1.0;Alto
1079;0.15;Bajo
1080;0.13;Bajo
1081;0.72;Alto
1082;0.12;Bajo
1083;0.02;Bajo
1084;0.88;Alto
1085;0.19;Bajo
1086;0.01;Bajo
1087;0.04;Bajo
1088;0.65;Medio
1089;0.02;Bajo
1090;0.76;Alto
1091;0.0;
1092;0.6;Medio
1093;0.04;Bajo
1094;0.01;Bajo
1095;0.25;Bajo
1096;0.58;Medio
1097;0.85;Alto
1098;0.36;Medio
1099;0.06;Bajo
1100;0.03;Bajo
1101;0.02;Bajo
1102;0.04;Bajo
1103;0.28;Bajo
1104;0.14;Bajo
1105;0.2;Bajo
1106;0.0;
1107;0.02;Bajo
1108;0.02;Bajo
1109;0.01;Bajo
1110;0.01;Bajo
1111;0.03;Bajo
1112;0.87;Alto
1113;0.86;Alto
1114;0.03;Bajo
1115;0.65;Medio
1116;0.8;Alto
1117;0.02;Bajo
1118;0.03;Bajo
1119;0.03;Bajo
1120;0.11;Bajo
1121;0.01;Bajo
1122;0.03;Bajo
1123;0.06;Bajo
1124;0.06;Bajo
1125;0.02;Bajo
1126;0.76;Alto
1127;0.04;Bajo
1128;0.78;Alto
1129;0.12;Bajo
1130;0.04;Bajo
1131;0.39;Medio
1132;0.03;Bajo
1133;0.02;Bajo
1134;0.6;Medio
1135;0.11;Bajo
1136;0.06;Bajo
1137;0.23;Bajo
1138;0.02;Bajo
1139;0.93;Alto
1140;0.07;Bajo
1141;0.03;Bajo
1142;0.0;
1143;0.36;Medio
1144;0.14;Bajo
1145;0.22;Bajo
1146;0.0;
1147;0.01;Bajo
1148;0.0;
1149;0.0;
1150;0.01;Bajo
1151;0.11;Bajo
1152;0.85;Alto
1153;0.85;Alto
1154;0.0;
1155;0.02;Bajo
1156;0.93;Alto
1157;0.69;Medio
1158;0.08;Bajo
1159;0.0;
1160;1.0;Alto
1161;0.03;Bajo
1162;0.13;Bajo
1163;0.08;Bajo
1164;0.0;
1165;0.07;Bajo
1166;0.13;Bajo
1167;0.85;Alto
1168;0.67;Medio
1169;0.09;Bajo
1170;0.15;Bajo
1171;0.02;Bajo
1172;0.05;Bajo
1173;0.05;Bajo
1174;0.38;Medio
1175;0.5;Medio
1176;0.0;
1177;0.05;Bajo
1178;0.25;Bajo
1179;0.73;Alto
1180;0.04;Bajo
1181;0.7;Medio
1182;0.74;Alto
1183;0.02;Bajo
1184;0.91;Alto
1185;0.95;Alto
1186;0.81;Alto
1187;0.81;Alto
1188;0.0;
1189;0.82;Alto
1190;0.59;Medio
1191;0.89;Alto
1192;0.81;Alto
1193;0.23;Bajo
1194;0.16;Bajo
1195;0.0;
1196;0.8;Alto
1197;0.02;Bajo
1198;0.05;Bajo
1199;0.0;
1200;0.08;Bajo
1201;0.9;Alto
1202;0.78;Alto
1203;0.0;
1204;0.12;Bajo
1205;0.1;Bajo
1206;0.05;Bajo
1207;0.0;
1208;0.21;Bajo
1209;0.07;Bajo
1210;0.88;Alto
1211;0.83;Alto
1212;0.05;Bajo
1213;0.0;
1214;0.05;Bajo
1215;0.05;Bajo
1216;0.81;Alto
1217;0.07;Bajo
1218;0.02;Bajo
1219;0.18;Bajo
1220;0.1;Bajo
1221;0.1;Bajo
1222;0.03;Bajo
1223;0.13;Bajo
1224;0.04;Bajo
1225;0.03;Bajo
1226;0.92;Alto
1227;0.22;Bajo
1228;0.03;Bajo
1229;0.03;Bajo
1230;0.0;
1231;0.08;Bajo
1232;0.13;Bajo
1233;0.12;Bajo
1234;0.02;Bajo
1235;0.0;
1236;0.01;Bajo
1237;0.78;Alto
1238;0.06;Bajo
1239;0.01;Bajo
1240;0.69;Medio
1241;0.11;Bajo
1242;0.0;
1243;0.04;Bajo
1244;0.07;Bajo
1245;0.03;Bajo
1246;0.22;Bajo
1247;0.04;Bajo
1248;0.06;Bajo
1249;0.06;Bajo
1250;0.09;Bajo
1251;0.13;Bajo
1252;0.1;Bajo
1253;0.01;Bajo
1254;0.05;Bajo
1255;0.04;Bajo
1256;0.12;Bajo
1257;0.0;
1258;0.0;
1259;0.3;Bajo
1260;0.01;Bajo
1261;0.69;Medio
1262;0.04;Bajo
1263;0.21;Bajo
1264;0.07;Bajo
1265;0.17;Bajo
1266;0.0;
1267;0.53;Medio
1268;0.12;Bajo
1269;0.11;Bajo
1270;0.17;Bajo
1271;0.01;Bajo
1272;0.6;Medio
1273;0.01;Bajo
1274;0.43;Medio
1275;0.1;Bajo
1276;0.95;Alto
1277;0.18;Bajo
1278;0.64;Medio
1279;0.24;Bajo
1280;0.82;Alto
1281;0.1;Bajo
1282;0.94;Alto
1283;0.0;
1284;0.31;Medio
1285;0.06;Bajo
1286;0.66;Medio
1287;0.06;Bajo
1288;0.0;
1289;0.01;Bajo
1290;0.04;Bajo
1291;0.13;Bajo
1292;0.16;Bajo
1293;0.01;Bajo
1294;0.02;Bajo
1295;0.34;Medio
1296;0.71;Alto
1297;0.62;Medio
1298;0.9;Alto
1299;0.05;Bajo
1300;0.01;Bajo
1301;0.03;Bajo
1302;0.27;Bajo
1303;0.14;Bajo
1304;0.0;
1305;0.02;Bajo
1306;0.0;
1307;0.0;
1308;0.28;Bajo
1309;0.0;
1310;0.02;Bajo
1311;0.0;
1312;0.09;Bajo
1313;0.06;Bajo
1314;0.06;Bajo
1315;0.07;Bajo
1316;0.0;
1317;0.17;Bajo
1318;0.04;Bajo
1319;0.24;Bajo
1320;0.15;Bajo
1321;0.85;Alto
1322;0.39;Medio
1323;0.19;Bajo
1324;0.2;Bajo
1325;0.86;Alto
1326;0.07;Bajo
1327;0.01;Bajo
1328;0.26;Bajo
1329;0.0;
1330;0.89;Alto
1331;0.49;Medio
1332;0.02;Bajo
1333;0.06;Bajo
1334;0.06;Bajo
1335;0.08;Bajo
1336;0.04;Bajo
1337;0.03;Bajo
1338;0.01;Bajo
1339;0.01;Bajo
1340;0.35;Medio
1341;0.1;Bajo
1342;0.0;
1343;0.02;Bajo
1344;0.1;Bajo
1345;0.04;Bajo
1346;0.03;Bajo
1347;0.05;Bajo
1348;0.74;Alto
1349;0.03;Bajo
1350;0.38;Medio
1351;0.08;Bajo
1352;0.79;Alto
1353;0.97;Alto
1354;0.13;Bajo
1355;0.02;Bajo
1356;0.03;Bajo
1357;0.68;Medio
1358;0.05;Bajo
1359;0.0;
1360;0.0;
1361;0.69;Medio
1362;0.19;Bajo
1363;0.03;Bajo
1364;0.0;
1365;0.01;Bajo
1366;0.07;Bajo
1367;0.12;Bajo
1368;0.05;Bajo
1369;0.46;Medio
1370;0.09;Bajo
1371;0.09;Bajo
1372;0.05;Bajo
1373;0.06;Bajo
1374;0.02;Bajo
1375;0.08;Bajo
1376;0.21;Bajo
1377;0.05;Bajo
1378;0.05;Bajo
1379;0.86;Alto
1380;0.97;Alto
1381;0.08;Bajo
1382;0.01;Bajo
1383;0.05;Bajo
1384;0.82;Alto
1385;0.08;Bajo
1386;0.03;Bajo
1387;0.65;Medio
1388;0.0;
1389;0.35;Medio
1390;0.36;Medio
1391;0.42;Medio
1392;0.07;Bajo
1393;0.67;Medio
1394;0.86;Alto
1395;0.01;Bajo
1396;0.0;
1397;0.74;Alto
1398;0.25;Bajo
1399;0.09;Bajo
1400;0.92;Alto
1401;0.01;Bajo
1402;0.06;Bajo
1403;0.07;Bajo
1404;0.88;Alto
1405;0.1;Bajo
1406;0.01;Bajo
1407;0.05;Bajo
1408;0.22;Bajo
1409;0.01;Bajo
1410;0.6;Medio
1411;0.0;
1412;0.0;
1413;0.1;Bajo
1414;0.07;Bajo
1415;0.0;
1416;0.01;Bajo
1417;0.2;Bajo
1418;0.21;Bajo
1419;0.01;Bajo
1420;0.02;Bajo
1421;0.05;Bajo
1422;0.01;Bajo
1423;0.03;Bajo
1424;0.39;Medio
1425;0.18;Bajo
1426;0.1;Bajo
1427;0.0;
1428;0.03;Bajo
1429;0.0;
1430;0.06;Bajo
1431;0.0;
1432;0.86;Alto
1433;0.48;Medio
1434;0.11;Bajo
1435;0.09;Bajo
1436;0.08;Bajo
1437;0.95;Alto
1438;0.13;Bajo
1439;0.01;Bajo
1440;0.06;Bajo
1441;0.8;Alto
1442;0.05;Bajo
1443;0.73;Alto
1444;0.59;Medio
1445;0.41;Medio
1446;0.0;
1447;0.06;Bajo
1448;0.82;Alto
1449;0.07;Bajo
1450;0.06;Bajo
1451;0.04;Bajo
1452;0.0;
1453;0.19;Bajo
1454;0.01;Bajo
1455;0.6;Medio
1456;0.07;Bajo
1457;0.07;Bajo
1458;0.01;Bajo
1459;0.02;Bajo
1460;0.02;Bajo
1461;0.11;Bajo
1462;0.0;
1463;0.14;Bajo
1464;0.26;Bajo
1465;0.01;Bajo
1466;0.27;Bajo
1467;0.21;Bajo
1468;0.07;Bajo
1469;0.76;Alto
1470;0.12;Bajo
1471;0.14;Bajo
1472;0.76;Alto
1473;0.07;Bajo
1474;0.68;Medio
1475;0.83;Alto
1476;0.02;Bajo
1477;0.63;Medio
1478;0.0;
1479;0.29;Bajo
1480;0.0;
1481;0.11;Bajo
1482;0.01;Bajo
1483;0.0;
1484;0.25;Bajo
1485;0.02;Bajo
1486;0.0;
1487;0.0;
1488;0.34;Medio
1489;0.02;Bajo
1490;0.02;Bajo
1491;0.77;Alto
1492;0.76;Alto
1493;0.11;Bajo
1494;0.71;Alto
1495;0.02;Bajo
1496;0.07;Bajo
1497;0.18;Bajo
1498;0.09;Bajo
1499;0.0;
1500;0.57;Medio
1501;0.1;Bajo
1502;0.03;Bajo
1503;0.88;Alto
1504;0.04;Bajo
1505;0.0;
1506;0.07;Bajo
1507;0.06;Bajo
1508;0.1;Bajo
1509;0.67;Medio
1510;0.0;
1511;0.06;Bajo
1512;0.78;Alto
1513;0.04;Bajo
1514;0.02;Bajo
1515;0.22;Bajo
1516;0.04;Bajo
1517;0.01;Bajo
1518;0.03;Bajo
1519;0.67;Medio
1520;0.62;Medio
1521;0.87;Alto
1522;0.22;Bajo
1523;0.0;
1524;0.11;Bajo
1525;1.0;Alto
1526;0.81;Alto
1527;0.0;
1528;0.11;Bajo
1529;0.27;Bajo
1530;0.77;Alto
1531;0.17;Bajo
1532;0.91;Alto
1533;0.07;Bajo
1534;0.32;Medio
1535;0.82;Alto
1536;0.01;Bajo
1537;0.04;Bajo
1538;0.01;Bajo
1539;0.04;Bajo
1540;0.08;Bajo
1541;0.01;Bajo
1542;0.24;Bajo
1543;0.01;Bajo
1544;0.03;Bajo
1545;0.0;
1546;0.42;Medio
1547;0.57;Medio
1548;0.19;Bajo
1549;0.09;Bajo
1550;0.0;
1551;0.07;Bajo
1552;0.0;
1553;0.81;Alto
1554;0.15;Bajo
1555;0.1;Bajo
1556;0.02;Bajo
1557;0.1;Bajo
1558;0.66;Medio
1559;0.08;Bajo
1560;0.18;Bajo
1561;0.43;Medio
1562;0.0;
1563;0.11;Bajo
1564;0.06;Bajo
1565;0.46;Medio
1566;0.01;Bajo
1567;0.0;
1568;0.21;Bajo
1569;0.49;Medio
1570;0.01;Bajo
1571;0.0;
1572;0.03;Bajo
1573;0.76;Alto
1574;0.04;Bajo
1575;0.02;Bajo
1576;0.63;Medio
1577;0.0;
1578;0.14;Bajo
1579;0.07;Bajo
1580;0.81;Alto
1581;0.87;Alto
1582;0.13;Bajo
1583;0.02;Bajo
1584;0.06;Bajo
1585;0.05;Bajo
1586;0.14;Bajo
1587;0.05;Bajo
1588;0.95;Alto
1589;0.02;Bajo
1590;0.02;Bajo
1591;0.08;Bajo
1592;0.08;Bajo
1593;0.07;Bajo
1594;0.02;Bajo
1595;0.01;Bajo
1596;0.14;Bajo
1597;0.04;Bajo
1598;0.8;Alto
1599;0.1;Bajo
1600;0.2;Bajo
1601;0.26;Bajo
1602;0.0;
1603;0.01;Bajo
1604;0.01;Bajo
1605;0.91;Alto
1606;0.73;Alto
1607;0.0;
1608;0.09;Bajo
1609;0.1;Bajo
1610;0.03;Bajo
1611;0.19;Bajo
1612;0.0;
1613;0.04;Bajo
1614;0.12;Bajo
1615;0.01;Bajo
1616;0.06;Bajo
1617;0.79;Alto
1618;0.27;Bajo
1619;0.0;
1620;0.87;Alto
1621;0.22;Bajo
1622;0.64;Medio
1623;0.02;Bajo
1624;0.63;Medio
1625;0.46;Medio
1626;0.05;Bajo
1627;0.01;Bajo
1628;0.1;Bajo
1629;0.16;Bajo
1630;0.01;Bajo
1631;0.03;Bajo
1632;0.0;
1633;0.01;Bajo
1634;0.02;Bajo
1635;0.05;Bajo
1636;0.01;Bajo
1637;0.03;Bajo
1638;0.08;Bajo
1639;0.98;Alto
1640;0.0;
1641;0.02;Bajo
1642;0.71;Alto
1643;0.89;Alto
1644;0.11;Bajo
1645;0.07;Bajo
1646;0.87;Alto
1647;0.03;Bajo
1648;0.17;Bajo
1649;0.28;Bajo
1650;0.03;Bajo
1651;0.0;
1652;0.82;Alto
1653;0.26;Bajo
1654;0.58;Medio
1655;0.48;Medio
1656;0.05;Bajo
1657;0.06;Bajo
1658;0.09;Bajo
1659;0.03;Bajo
1660;0.01;Bajo
1661;0.05;Bajo
1662;0.06;Bajo
1663;0.04;Bajo
1664;0.04;Bajo
1665;0.01;Bajo
1666;0.11;Bajo
1667;0.25;Bajo
1668;0.71;Alto
1669;0.06;Bajo
1670;0.2;Bajo
1671;0.03;Bajo
1672;0.02;Bajo
1673;0.0;
1674;0.96;Alto
1675;0.05;Bajo
1676;0.01;Bajo
1677;1.0;Alto
1678;0.02;Bajo
1679;0.02;Bajo
1680;0.08;Bajo
1681;0.06;Bajo
1682;0.0;
1683;0.02;Bajo
1684;0.25;Bajo
1685;0.04;Bajo
1686;0.01;Bajo
1687;0.09;Bajo
1688;0.16;Bajo
1689;0.09;Bajo
1690;0.01;Bajo
1691;0.02;Bajo
1692;0.01;Bajo
1693;0.23;Bajo
1694;0.93;Alto
1695;0.01;Bajo
1696;0.95;Alto
1697;0.0;
1698;0.0;
1699;0.09;Bajo
1700;0.0;
1701;0.01;Bajo
1702;0.0;
1703;0.45;Medio
1704;0.01;Bajo
1705;0.59;Medio
1706;0.69;Medio
1707;0.06;Bajo
1708;0.0;
1709;0.0;
1710;0.59;Medio
1711;0.04;Bajo
1712;0.09;Bajo
1713;0.01;Bajo
1714;0.03;Bajo
1715;0.01;Bajo
1716;0.0;
1717;0.0;
1718;0.65;Medio
1719;0.09;Bajo
1720;0.06;Bajo
1721;0.31;Medio
1722;0.0;
1723;0.15;Bajo
1724;0.0;
1725;0.99;Alto
1726;0.07;Bajo
1727;0.68;Medio
1728;0.21;Bajo
1729;0.61;Medio
1730;0.89;Alto
1731;0.08;Bajo
1732;0.63;Medio
1733;0.0;
1734;0.0;
1735;0.86;Alto
1736;0.09;Bajo
1737;0.07;Bajo
1738;0.03;Bajo
1739;0.02;Bajo
1740;0.0;
1741;0.16;Bajo
1742;0.15;Bajo
1743;0.0;
1744;0.0;
1745;0.09;Bajo
1746;0.25;Bajo
1747;0.06;Bajo
1748;0.02;Bajo
1749;0.03;Bajo
1750;0.61;Medio
1751;0.07;Bajo
1752;0.86;Alto
1753;0.09;Bajo
1754;0.98;Alto
1755;0.03;Bajo
1756;0.64;Medio
1757;0.9;Alto
1758;0.0;
1759;0.76;Alto
1760;0.15;Bajo
1761;0.83;Alto
1762;0.04;Bajo
1763;0.21;Bajo
1764;0.01;Bajo
1765;0.95;Alto
1766;0.01;Bajo
1767;0.66;Medio
1768;0.61;Medio
1769;0.56;Medio
1770;0.0;
1771;0.5;Medio
1772;0.13;Bajo
1773;0.04;Bajo
1774;0.06;Bajo
1775;0.6;Medio
1776;0.99;Alto
1777;0.0;
1778;0.03;Bajo
1779;0.96;Alto
1780;0.84;Alto
1781;0.77;Alto
1782;0.01;Bajo
1783;0.04;Bajo
1784;0.01;Bajo
1785;0.99;Alto
1786;0.68;Medio
1787;0.19;Bajo
1788;0.79;Alto
1789;0.11;Bajo
1790;0.15;Bajo
1791;0.79;Alto
1792;0.99;Alto
1793;0.02;Bajo
1794;0.0;
1795;0.63;Medio
1796;0.89;Alto
1797;0.1;Bajo
1798;0.16;Bajo
1799;0.65;Medio
1800;0.0;
1801;0.04;Bajo
1802;0.01;Bajo
1803;0.05;Bajo
1804;0.78;Alto
1805;0.01;Bajo
1806;0.99;Alto
1807;0.0;
1808;0.03;Bajo
1809;0.03;Bajo
1810;0.11;Bajo
1811;0.08;Bajo
1812;0.0;
1813;0.09;Bajo
1814;0.01;Bajo
1815;0.09;Bajo
1816;0.24;Bajo
1817;0.04;Bajo
1818;0.05;Bajo
1819;0.32;Medio
1820;0.0;
1821;0.82;Alto
1822;0.0;
1823;0.18;Bajo
1824;0.22;Bajo
1825;0.82;Alto
1826;0.01;Bajo
1827;0.02;Bajo
1828;0.03;Bajo
1829;0.01;Bajo
1830;0.13;Bajo
1831;0.01;Bajo
1832;0.76;Alto
1833;0.05;Bajo
1834;0.27;Bajo
1835;0.31;Medio
1836;0.11;Bajo
1837;0.79;Alto
1838;0.11;Bajo
1839;0.85;Alto
1840;0.02;Bajo
1841;0.0;
1842;0.23;Bajo
1843;0.03;Bajo
1844;0.21;Bajo
1845;0.28;Bajo
1846;0.03;Bajo
1847;0.13;Bajo
1848;0.25;Bajo
1849;0.05;Bajo
1850;0.0;
1851;0.0;
1852;0.0;
1853;0.0;
1854;0.9;Alto
1855;0.04;Bajo
1856;0.08;Bajo
1857;0.15;Bajo
1858;0.0;
1859;0.74;Alto
1860;0.0;
1861;0.46;Medio
1862;0.04;Bajo
1863;0.09;Bajo
1864;0.1;Bajo
1865;0.81;Alto
1866;0.0;
1867;0.01;Bajo
1868;0.13;Bajo
1869;0.01;Bajo
1870;0.09;Bajo
1871;0.03;Bajo
1872;0.01;Bajo
1873;0.06;Bajo
1874;0.02;Bajo
1875;0.04;Bajo
1876;0.03;Bajo
1877;0.06;Bajo
1878;0.07;Bajo
1879;0.18;Bajo
1880;0.0;
1881;0.3;Bajo
1882;0.03;Bajo
1883;0.09;Bajo
1884;0.0;
1885;0.03;Bajo
1886;0.06;Bajo
1887;0.65;Medio
1888;0.81;Alto
1889;0.03;Bajo
1890;0.0;
1891;0.08;Bajo
1892;0.11;Bajo
1893;0.03;Bajo
1894;0.29;Bajo
1895;0.17;Bajo
1896;0.01;Bajo
1897;0.0;
1898;0.01;Bajo
1899;0.06;Bajo
1900;0.19;Bajo
1901;0.01;Bajo
1902;0.23;Bajo
1903;0.36;Medio
1904;0.04;Bajo
1905;0.42;Medio
1906;0.19;Bajo
1907;0.8;Alto
1908;0.13;Bajo
1909;0.01;Bajo
1910;0.19;Bajo
1911;0.0;
1912;0.47;Medio
1913;0.02;Bajo
1914;0.19;Bajo
1915;0.98;Alto
1916;0.68;Medio
1917;0.96;Alto
1918;0.27;Bajo
1919;0.07;Bajo
1920;0.01;Bajo
1921;0.68;Medio
1922;0.0;
1923;0.0;
1924;0.08;Bajo
1925;0.0;
1926;0.03;Bajo
1927;0.52;Medio
1928;0.05;Bajo
1929;0.01;Bajo
1930;0.63;Medio
1931;0.08;Bajo
1932;0.04;Bajo
1933;0.87;Alto
1934;0.0;
1935;0.1;Bajo
1936;0.07;Bajo
1937;0.15;Bajo
1938;0.02;Bajo
1939;0.0;
1940;0.25;Bajo
1941;0.07;Bajo
1942;0.04;Bajo
1943;0.12;Bajo
1944;0.01;Bajo
1945;0.65;Medio
1946;0.03;Bajo
1947;0.06;Bajo
1948;0.08;Bajo
1949;0.03;Bajo
1950;0.11;Bajo
1951;0.18;Bajo
1952;0.0;
1953;0.0;
1954;0.03;Bajo
1955;0.45;Medio
1956;0.01;Bajo
1957;0.11;Bajo
1958;0.62;Medio
1959;0.6;Medio
1960;0.29;Bajo
1961;0.97;Alto
1962;0.06;Bajo
1963;0.3;Bajo
1964;0.09;Bajo
1965;0.74;Alto
1966;0.1;Bajo
1967;0.9;Alto
1968;0.09;Bajo
1969;0.89;Alto
1970;0.04;Bajo
1971;0.01;Bajo
1972;0.64;Medio
1973;0.04;Bajo
1974;0.06;Bajo
1975;0.17;Bajo
1976;0.25;Bajo
1977;0.04;Bajo
1978;0.26;Bajo
1979;0.07;Bajo
1980;0.04;Bajo
1981;0.04;Bajo
1982;0.16;Bajo
1983;0.12;Bajo
1984;0.0;
1985;0.02;Bajo
1986;0.03;Bajo
1987;0.0;
1988;0.02;Bajo
1989;0.07;Bajo
1990;0.02;Bajo
1991;0.6;Medio
1992;0.96;Alto
1993;0.02;Bajo
1994;0.03;Bajo
1995;0.02;Bajo
1996;0.68;Medio
1997;0.0;
1998;0.06;Bajo
1999;0.02;Bajo
2000;0.88;Alto
2001;0.55;Medio
2002;0.92;Alto
2003;0.22;Bajo
2004;0.77;Alto
2005;0.25;Bajo
2006;0.42;Medio
2007;0.06;Bajo
2008;0.57;Medio
2009;0.0;
2010;0.24;Bajo
2011;0.13;Bajo
2012;0.19;Bajo
2013;0.34;Medio
2014;0.0;
2015;0.13;Bajo
2016;0.03;Bajo
2017;0.14;Bajo
2018;0.01;Bajo
2019;0.06;Bajo
2020;0.09;Bajo
2021;0.08;Bajo
2022;0.06;Bajo
2023;0.29;Bajo
2024;0.0;
2025;0.18;Bajo
2026;0.11;Bajo
2027;0.03;Bajo
2028;0.07;Bajo
2029;0.01;Bajo
2030;0.16;Bajo
2031;0.02;Bajo
2032;0.0;
2033;0.21;Bajo
2034;0.08;Bajo
2035;0.0;
2036;0.02;Bajo
2037;0.87;Alto
2038;0.56;Medio
2039;0.16;Bajo
2040;0.37;Medio
2041;0.06;Bajo
2042;0.05;Bajo
2043;0.0;
2044;0.71;Alto
2045;0.0;
2046;0.0;
2047;0.05;Bajo
2048;0.17;Bajo
2049;0.87;Alto
2050;0.75;Alto
2051;0.02;Bajo
2052;0.0;
2053;0.01;Bajo
2054;0.8;Alto
2055;0.73;Alto
2056;0.0;
2057;0.58;Medio
2058;0.01;Bajo
2059;0.0;
2060;0.7;Medio
2061;0.57;Medio
2062;0.84;Alto
2063;0.05;Bajo
2064;0.6;Medio
2065;0.04;Bajo
2066;0.06;Bajo
2067;0.16;Bajo
2068;0.05;Bajo
2069;0.23;Bajo
2070;0.79;Alto
2071;0.11;Bajo
2072;0.2;Bajo
2073;0.06;Bajo
2074;0.02;Bajo
2075;0.03;Bajo
2076;0.0;
2077;0.0;
2078;0.08;Bajo
2079;0.17;Bajo
2080;0.66;Medio
2081;0.0;
2082;0.11;Bajo
2083;0.13;Bajo
2084;0.96;Alto
2085;0.04;Bajo
2086;0.89;Alto
2087;0.01;Bajo
2088;0.01;Bajo
2089;0.27;Bajo
2090;0.08;Bajo
2091;0.82;Alto
2092;0.28;Bajo
2093;0.15;Bajo
2094;0.13;Bajo
2095;0.78;Alto
2096;0.0;
2097;0.03;Bajo
2098;0.0;
2099;0.61;Medio
2100;0.04;Bajo
2101;0.24;Bajo
2102;0.03;Bajo
2103;0.0;
2104;0.09;Bajo
2105;0.81;Alto
2106;0.33;Medio
2107;0.05;Bajo
2108;0.0;
2109;0.03;Bajo
2110;0.02;Bajo
2111;0.01;Bajo
2112;0.91;Alto
2113;0.06;Bajo
2114;0.05;Bajo
2115;0.16;Bajo
2116;0.04;Bajo
2117;0.73;Alto
2118;0.9;Alto
2119;0.27;Bajo
2120;0.01;Bajo
2121;0.06;Bajo
2122;0.0;
2123;0.88;Alto
2124;0.71;Alto
2125;0.11;Bajo
2126;0.0;
2127;0.1;Bajo
2128;0.12;Bajo
2129;0.01;Bajo
2130;0.84;Alto
2131;0.03;Bajo
2132;0.0;
2133;0.69;Medio
2134;0.79;Alto
2135;0.01;Bajo
2136;0.53;Medio
2137;0.0;
2138;0.05;Bajo
2139;0.01;Bajo
2140;0.03;Bajo
2141;0.06;Bajo
2142;0.03;Bajo
2143;0.03;Bajo
2144;0.7;Medio
2145;0.12;Bajo
2146;0.73;Alto
2147;0.1;Bajo
2148;0.45;Medio
2149;0.01;Bajo
2150;0.19;Bajo
2151;0.05;Bajo
2152;0.21;Bajo
2153;0.94;Alto
2154;0.01;Bajo
2155;0.73;Alto
2156;0.19;Bajo
2157;0.0;
2158;0.06;Bajo
2159;0.85;Alto
2160;0.73;Alto
2161;0.01;Bajo
2162;0.1;Bajo
2163;0.05;Bajo
2164;0.88;Alto
2165;0.11;Bajo
2166;0.0;
2167;0.4;Medio
2168;0.4;Medio
2169;0.17;Bajo
2170;0.12;Bajo
2171;0.09;Bajo
2172;0.23;Bajo
2173;0.0;
2174;0.01;Bajo
2175;0.93;Alto
2176;0.0;
2177;0.01;Bajo
2178;0.86;Alto
2179;0.16;Bajo
2180;0.09;Bajo
2181;0.05;Bajo
2182;0.0;
2183;0.03;Bajo
2184;0.64;Medio
2185;0.0;
2186;0.3;Bajo
2187;0.06;Bajo
2188;0.26;Bajo
2189;0.43;Medio
2190;0.14;Bajo
2191;0.06;Bajo
2192;0.04;Bajo
2193;0.08;Bajo
2194;0.04;Bajo
2195;0.04;Bajo
2196;0.0;
2197;0.21;Bajo
2198;0.03;Bajo
2199;0.06;Bajo
2200;0.64;Medio
2201;0.0;
2202;0.25;Bajo
2203;0.24;Bajo
2204;0.61;Medio
2205;0.78;Alto
2206;0.71;Alto
2207;0.06;Bajo
2208;0.02;Bajo
2209;0.86;Alto
2210;0.11;Bajo
2211;0.02;Bajo
2212;0.06;Bajo
2213;0.01;Bajo
2214;0.09;Bajo
2215;0.09;Bajo
2216;0.08;Bajo
2217;0.7;Medio
2218;0.05;Bajo
2219;0.07;Bajo
2220;0.02;Bajo
2221;0.0;
2222;0.81;Alto
2223;0.12;Bajo
2224;0.02;Bajo
2225;0.01;Bajo
2226;0.0;
2227;0.59;Medio
2228;0.01;Bajo
2229;0.78;Alto
2230;0.0;
2231;0.1;Bajo
2232;0.63;Medio
2233;0.37;Medio
2234;0.22;Bajo
2235;0.18;Bajo
2236;0.01;Bajo
2237;0.91;Alto
2238;0.52;Medio
2239;0.13;Bajo
2240;0.11;Bajo
2241;0.03;Bajo
2242;0.01;Bajo
2243;0.07;Bajo
2244;0.58;Medio
2245;0.03;Bajo
2246;0.36;Medio
2247;0.14;Bajo
2248;0.05;Bajo
2249;0.12;Bajo
2250;0.7;Medio
2251;0.07;Bajo
2252;0.63;Medio
2253;0.26;Bajo
2254;0.11;Bajo
2255;0.07;Bajo
2256;0.88;Alto
2257;0.03;Bajo
2258;0.06;Bajo
2259;0.31;Medio
2260;0.46;Medio
2261;0.07;Bajo
2262;0.0;
2263;0.02;Bajo
2264;0.75;Alto
2265;0.04;Bajo
2266;0.0;
2267;0.02;Bajo
2268;0.01;Bajo
2269;0.07;Bajo
2270;0.06;Bajo
2271;0.28;Bajo
2272;0.73;Alto
2273;0.34;Medio
2274;0.02;Bajo
2275;0.03;Bajo
2276;0.12;Bajo
2277;0.0;
2278;0.28;Bajo
2279;0.08;Bajo
2280;0.0;
2281;0.15;Bajo
2282;0.06;Bajo
2283;0.19;Bajo
2284;0.0;
2285;0.22;Bajo
2286;0.89;Alto
2287;0.01;Bajo
2288;0.0;
2289;0.73;Alto
2290;0.01;Bajo
2291;0.02;Bajo
2292;0.32;Medio
2293;0.0;
2294;0.0;
2295;0.12;Bajo
2296;0.75;Alto
2297;0.0;
2298;0.83;Alto
2299;0.89;Alto
2300;0.18;Bajo
2301;0.1;Bajo
2302;0.81;Alto
2303;0.0;
2304;0.13;Bajo
2305;0.01;Bajo
2306;0.02;Bajo
2307;0.07;Bajo
2308;0.03;Bajo
2309;0.11;Bajo
2310;0.19;Bajo
2311;0.06;Bajo
2312;0.34;Medio
2313;0.15;Bajo
2314;0.96;Alto
2315;0.0;
2316;0.04;Bajo
2317;0.89;Alto
2318;0.74;Alto
2319;0.05;Bajo
2320;0.08;Bajo
2321;0.16;Bajo
2322;0.79;Alto
2323;0.01;Bajo
2324;0.02;Bajo
2325;0.09;Bajo
2326;0.11;Bajo
2327;0.65;Medio
2328;0.7;Medio
2329;0.0;
2330;0.01;Bajo
2331;0.02;Bajo
2332;0.0;
2333;0.0;
2334;0.85;Alto
2335;0.0;
2336;0.9;Alto
2337;0.89;Alto
2338;0.02;Bajo
2339;0.03;Bajo
2340;0.01;Bajo
2341;0.14;Bajo
2342;0.01;Bajo
2343;0.0;
2344;0.3;Bajo
2345;0.05;Bajo
2346;0.85;Alto
2347;0.01;Bajo
2348;0.81;Alto
2349;0.0;
2350;0.86;Alto
2351;0.02;Bajo
2352;0.85;Alto
2353;0.08;Bajo
2354;0.04;Bajo
2355;0.0;
2356;0.0;
2357;0.04;Bajo
2358;0.0;
2359;0.04;Bajo
2360;0.17;Bajo
2361;0.1;Bajo
2362;0.07;Bajo
2363;0.01;Bajo
2364;0.84;Alto
2365;0.0;
2366;0.02;Bajo
2367;0.12;Bajo
2368;0.88;Alto
2369;0.94;Alto
2370;0.74;Alto
2371;0.0;
2372;0.0;
2373;0.03;Bajo
2374;0.03;Bajo
2375;0.86;Alto
2376;0.13;Bajo
2377;0.01;Bajo
2378;0.12;Bajo
2379;0.0;
2380;0.0;
2381;0.19;Bajo
2382;0.01;Bajo
2383;0.01;Bajo
2384;0.99;Alto
2385;0.23;Bajo
2386;0.16;Bajo
2387;0.02;Bajo
2388;0.81;Alto
2389;0.94;Alto
2390;0.04;Bajo
2391;0.21;Bajo
2392;0.2;Bajo
2393;0.09;Bajo
2394;0.95;Alto
2395;0.08;Bajo
2396;0.19;Bajo
2397;0.53;Medio
2398;0.01;Bajo
2399;0.01;Bajo
2400;0.01;Bajo
2401;0.02;Bajo
2402;0.77;Alto
2403;0.08;Bajo
2404;0.05;Bajo
2405;0.01;Bajo
2406;0.18;Bajo
2407;0.0;
2408;0.05;Bajo
2409;0.78;Alto
2410;0.14;Bajo
2411;0.0;
2412;0.06;Bajo
2413;0.1;Bajo
2414;0.15;Bajo
2415;0.05;Bajo
2416;0.0;
2417;0.03;Bajo
2418;0.14;Bajo
2419;0.0;
2420;0.04;Bajo
2421;0.03;Bajo
2422;0.0;
2423;0.07;Bajo
2424;0.09;Bajo
2425;0.66;Medio
2426;0.06;Bajo
2427;0.02;Bajo
2428;0.01;Bajo
2429;0.02;Bajo
2430;0.0;
2431;0.62;Medio
2432;0.01;Bajo
2433;0.0;
2434;0.22;Bajo
2435;0.37;Medio
2436;0.75;Alto
2437;0.82;Alto
2438;0.0;
2439;0.03;Bajo
2440;0.91;Alto
2441;0.05;Bajo
2442;0.37;Medio
2443;0.0;
2444;0.75;Alto
2445;0.0;
2446;0.09;Bajo
2447;0.01;Bajo
2448;0.0;
2449;0.02;Bajo
2450;0.0;
2451;0.0;
2452;0.04;Bajo
2453;0.15;Bajo
2454;0.78;Alto
2455;0.84;Alto
2456;0.01;Bajo
2457;0.18;Bajo
2458;0.79;Alto
2459;0.07;Bajo
2460;0.61;Medio
2461;0.01;Bajo
2462;0.07;Bajo
2463;0.23;Bajo
2464;0.84;Alto
2465;0.16;Bajo
2466;0.17;Bajo
2467;0.0;
2468;0.11;Bajo
2469;0.24;Bajo
2470;0.85;Alto
2471;0.01;Bajo
2472;0.03;Bajo
2473;0.04;Bajo
2474;0.07;Bajo
2475;0.96;Alto
2476;0.17;Bajo
2477;0.0;
2478;0.04;Bajo
2479;0.7;Medio
2480;0.03;Bajo
2481;0.11;Bajo
2482;0.0;
2483;0.0;
2484;0.01;Bajo
2485;0.0;
2486;0.0;
2487;0.69;Medio
2488;0.37;Medio
2489;0.0;
2490;0.0;
2491;0.02;Bajo
2492;0.17;Bajo
2493;0.03;Bajo
2494;0.01;Bajo
2495;0.01;Bajo
2496;0.04;Bajo
2497;0.07;Bajo
2498;0.02;Bajo
2499;0.0;
2500;0.02;Bajo
2501;0.44;Medio
2502;0.04;Bajo
2503;0.1;Bajo
2504;0.84;Alto
2505;0.87;Alto
2506;0.01;Bajo
2507;0.28;Bajo
2508;0.06;Bajo
2509;0.44;Medio
2510;0.01;Bajo
2511;0.03;Bajo
2512;0.55;Medio
2513;0.76;Alto
2514;0.0;
2515;0.06;Bajo
2516;0.25;Bajo
2517;0.78;Alto
2518;0.04;Bajo
2519;0.03;Bajo
2520;0.79;Alto
2521;0.82;Alto
2522;0.14;Bajo
2523;0.73;Alto
2524;0.0;
2525;0.02;Bajo
2526;0.03;Bajo
2527;0.01;Bajo
2528;0.6;Medio
2529;0.15;Bajo
2530;0.11;Bajo
2531;0.02;Bajo
2532;0.3;Bajo
2533;0.16;Bajo
2534;0.82;Alto
2535;0.76;Alto
2536;0.0;
2537;0.04;Bajo
2538;0.01;Bajo
2539;0.0;
2540;0.0;
2541;0.01;Bajo
2542;0.05;Bajo
2543;0.2;Bajo
2544;0.94;Alto
2545;0.0;
2546;0.02;Bajo
2547;0.0;
2548;0.0;
2549;0.71;Alto
2550;0.01;Bajo
2551;0.13;Bajo
2552;0.44;Medio
2553;0.75;Alto
2554;0.01;Bajo
2555;0.86;Alto
2556;0.17;Bajo
2557;0.18;Bajo
2558;0.0;
2559;0.01;Bajo
2560;0.03;Bajo
2561;0.01;Bajo
2562;0.28;Bajo
2563;0.72;Alto
2564;0.03;Bajo
2565;0.04;Bajo
2566;0.01;Bajo
2567;0.04;Bajo
2568;0.13;Bajo
2569;0.15;Bajo
2570;0.0;
2571;0.0;
2572;0.02;Bajo
2573;0.0;
2574;0.09;Bajo
2575;0.0;
2576;0.9;Alto
2577;0.04;Bajo
2578;0.03;Bajo
2579;0.4;Medio
2580;0.04;Bajo
2581;0.11;Bajo
2582;0.03;Bajo
2583;0.03;Bajo
2584;0.06;Bajo
2585;0.0;
2586;0.15;Bajo
2587;0.12;Bajo
2588;0.06;Bajo
2589;0.18;Bajo
2590;0.01;Bajo
2591;0.6;Medio
2592;0.67;Medio
2593;0.08;Bajo
2594;0.19;Bajo
2595;0.0;
2596;0.01;Bajo
2597;0.43;Medio
2598;0.03;Bajo
2599;0.76;Alto
2600;0.08;Bajo
2601;0.14;Bajo
2602;0.03;Bajo
2603;0.88;Alto
2604;0.06;Bajo
2605;0.02;Bajo
2606;0.05;Bajo
2607;0.01;Bajo
2608;0.98;Alto
2609;0.14;Bajo
2610;0.01;Bajo
2611;0.19;Bajo
2612;0.05;Bajo
2613;0.03;Bajo
2614;0.06;Bajo
2615;0.0;
2616;0.01;Bajo
2617;0.0;
2618;0.68;Medio
2619;0.76;Alto
2620;0.35;Medio
2621;0.15;Bajo
2622;0.09;Bajo
2623;0.58;Medio
2624;0.1;Bajo
2625;0.17;Bajo
2626;0.33;Medio
2627;0.8;Alto
2628;0.19;Bajo
2629;0.1;Bajo
2630;0.07;Bajo
2631;0.1;Bajo
2632;0.01;Bajo
2633;0.04;Bajo
2634;0.17;Bajo
2635;0.14;Bajo
2636;0.07;Bajo
2637;0.0;
2638;0.0;
2639;0.13;Bajo
2640;0.67;Medio
2641;0.01;Bajo
2642;0.01;Bajo
2643;0.02;Bajo
2644;0.0;
2645;0.03;Bajo
2646;0.04;Bajo
2647;0.7;Medio
2648;0.0;
2649;0.5;Medio
2650;0.03;Bajo
2651;0.78;Alto
2652;0.3;Bajo
2653;0.12;Bajo
2654;0.05;Bajo
2655;0.61;Medio
2656;0.02;Bajo
2657;0.11;Bajo
2658;0.06;Bajo
2659;0.07;Bajo
2660;0.17;Bajo
2661;0.0;
2662;0.9;Alto
2663;0.16;Bajo
2664;0.05;Bajo
2665;0.09;Bajo
2666;0.0;
2667;0.19;Bajo
2668;0.26;Bajo
2669;0.07;Bajo
2670;0.01;Bajo
2671;0.68;Medio
2672;0.0;
2673;0.09;Bajo
2674;0.01;Bajo
2675;0.07;Bajo
2676;0.17;Bajo
2677;0.09;Bajo
2678;0.01;Bajo
2679;0.76;Alto
2680;0.04;Bajo
2681;0.01;Bajo
2682;0.0;
2683;0.13;Bajo
2684;0.09;Bajo
2685;0.34;Medio
2686;0.04;Bajo
2687;0.3;Bajo
2688;0.05;Bajo
2689;0.0;
2690;0.03;Bajo
2691;0.02;Bajo
2692;0.0;
2693;0.28;Bajo
2694;0.2;Bajo
2695;0.0;
2696;0.16;Bajo
2697;0.35;Medio
2698;0.01;Bajo
2699;0.0;
2700;0.0;
2701;0.01;Bajo
2702;0.0;
2703;0.1;Bajo
2704;0.02;Bajo
2705;0.27;Bajo
2706;0.03;Bajo
2707;0.72;Alto
2708;0.31;Medio
2709;0.01;Bajo
2710;0.05;Bajo
2711;0.06;Bajo
2712;0.13;Bajo
2713;0.84;Alto
2714;0.0;
2715;0.33;Medio
2716;0.74;Alto
2717;0.63;Medio
2718;0.05;Bajo
2719;0.2;Bajo
2720;0.08;Bajo
2721;0.0;
2722;0.0;
2723;0.0;
2724;0.16;Bajo
2725;0.07;Bajo
2726;0.62;Medio
2727;0.01;Bajo
2728;0.75;Alto
2729;0.01;Bajo
2730;0.84;Alto
2731;0.84;Alto
2732;0.62;Medio
2733;0.02;Bajo
2734;0.49;Medio
2735;0.87;Alto
2736;0.87;Alto
2737;0.01;Bajo
2738;0.88;Alto
2739;0.46;Medio
2740;0.04;Bajo
2741;0.08;Bajo
2742;0.03;Bajo
2743;0.01;Bajo
2744;0.0;
2745;0.06;Bajo
2746;0.05;Bajo
2747;0.23;Bajo
2748;0.1;Bajo
2749;0.92;Alto
2750;0.0;
2751;0.03;Bajo
2752;0.32;Medio
2753;0.05;Bajo
2754;0.09;Bajo
2755;0.11;Bajo
2756;0.05;Bajo
2757;0.14;Bajo
2758;0.97;Alto
2759;0.03;Bajo
2760;0.03;Bajo
2761;0.19;Bajo
2762;0.08;Bajo
2763;0.04;Bajo
2764;0.0;
2765;0.0;
2766;0.04;Bajo
2767;0.05;Bajo
2768;0.01;Bajo
2769;0.18;Bajo
2770;0.04;Bajo
2771;0.85;Alto
2772;0.07;Bajo
2773;0.04;Bajo
2774;0.46;Medio
2775;0.38;Medio
2776;0.03;Bajo
2777;0.19;Bajo
2778;0.91;Alto
2779;0.15;Bajo
2780;0.0;
2781;0.14;Bajo
2782;0.04;Bajo
2783;0.71;Alto
2784;0.08;Bajo
2785;0.21;Bajo
2786;0.78;Alto
2787;0.02;Bajo
2788;0.13;Bajo
2789;0.17;Bajo
2790;0.0;
2791;0.06;Bajo
2792;0.1;Bajo
2793;0.22;Bajo
2794;0.01;Bajo
2795;0.01;Bajo
2796;0.61;Medio
2797;0.05;Bajo
2798;0.18;Bajo
2799;0.69;Medio
2800;0.0;
2801;0.05;Bajo
2802;0.1;Bajo
2803;0.03;Bajo
2804;0.96;Alto
2805;0.02;Bajo
2806;0.7;Medio
2807;0.02;Bajo
2808;0.77;Alto
2809;0.0;
2810;0.1;Bajo
2811;0.09;Bajo
2812;0.96;Alto
2813;0.02;Bajo
2814;0.15;Bajo
2815;0.01;Bajo
2816;0.72;Alto
2817;0.08;Bajo
2818;0.7;Medio
2819;0.2;Bajo
2820;0.02;Bajo
2821;0.36;Medio
2822;0.22;Bajo
2823;0.01;Bajo
2824;0.0;
2825;0.0;
2826;0.11;Bajo
2827;0.03;Bajo
2828;0.01;Bajo
2829;0.0;
2830;0.68;Medio
2831;0.01;Bajo
2832;0.03;Bajo
2833;0.01;Bajo
2834;0.88;Alto
2835;0.78;Alto
2836;0.76;Alto
2837;0.02;Bajo
2838;0.07;Bajo
2839;0.1;Bajo
2840;0.69;Medio
2841;0.95;Alto
2842;0.21;Bajo
2843;0.52;Medio
2844;0.06;Bajo
2845;0.13;Bajo
2846;0.0;
2847;0.05;Bajo
2848;0.03;Bajo
2849;0.0;
2850;0.0;
2851;0.0;
2852;0.12;Bajo
2853;0.01;Bajo
2854;0.16;Bajo
2855;0.01;Bajo
2856;0.02;Bajo
2857;0.23;Bajo
2858;0.03;Bajo
2859;0.06;Bajo
2860;0.22;Bajo
2861;0.0;
2862;0.88;Alto
2863;0.07;Bajo
2864;0.02;Bajo
2865;0.0;
2866;0.75;Alto
2867;0.23;Bajo
2868;0.09;Bajo
2869;0.04;Bajo
2870;0.1;Bajo
2871;0.17;Bajo
2872;0.0;
2873;0.06;Bajo
2874;0.0;
2875;0.0;
2876;0.03;Bajo
2877;0.0;
2878;0.12;Bajo
2879;0.0;
2880;0.2;Bajo
2881;0.02;Bajo
2882;0.21;Bajo
2883;0.14;Bajo
2884;0.0;
2885;0.07;Bajo
2886;0.44;Medio
2887;0.09;Bajo
2888;0.07;Bajo
2889;0.05;Bajo
2890;0.16;Bajo
2891;0.17;Bajo
2892;0.01;Bajo
2893;0.05;Bajo
2894;0.07;Bajo
2895;0.11;Bajo
2896;0.03;Bajo
2897;0.61;Medio
2898;0.69;Medio
2899;0.75;Alto
2900;0.03;Bajo
2901;0.18;Bajo
2902;0.04;Bajo
2903;0.4;Medio
2904;0.11;Bajo
2905;0.0;
2906;0.03;Bajo
2907;0.02;Bajo
2908;0.87;Alto
2909;0.04;Bajo
2910;0.01;Bajo
2911;0.04;Bajo
2912;0.0;
2913;0.0;
2914;0.19;Bajo
2915;0.02;Bajo
2916;0.03;Bajo
2917;0.24;Bajo
2918;0.08;Bajo
2919;0.0;
2920;0.84;Alto
2921;0.0;
2922;0.0;
2923;0.02;Bajo
2924;0.03;Bajo
2925;0.06;Bajo
2926;0.08;Bajo
2927;0.0;
2928;0.04;Bajo
2929;0.16;Bajo
2930;0.1;Bajo
2931;0.01;Bajo
2932;0.02;Bajo
2933;0.02;Bajo
2934;0.1;Bajo
2935;0.81;Alto
2936;0.92;Alto
2937;0.01;Bajo
2938;0.04;Bajo
2939;0.02;Bajo
2940;0.06;Bajo
2941;0.0;
2942;0.14;Bajo
2943;0.07;Bajo
2944;0.0;
2945;0.01;Bajo
2946;0.03;Bajo
2947;0.98;Alto
2948;0.0;
2949;0.08;Bajo
2950;0.68;Medio
2951;0.06;Bajo
2952;0.02;Bajo
2953;0.0;
2954;0.18;Bajo
2955;0.01;Bajo
2956;0.0;
2957;0.0;
2958;0.8;Alto
2959;0.65;Medio
2960;0.8;Alto
2961;0.0;
2962;0.08;Bajo
2963;0.09;Bajo
2964;0.01;Bajo
2965;0.96;Alto
2966;0.33;Medio
2967;0.02;Bajo
2968;0.43;Medio
2969;0.0;
2970;0.78;Alto
2971;0.05;Bajo
2972;0.03;Bajo
2973;0.06;Bajo
2974;0.03;Bajo
2975;0.0;
2976;0.49;Medio
2977;0.0;
2978;0.1;Bajo
2979;0.01;Bajo
2980;0.03;Bajo
2981;0.54;Medio
2982;0.86;Alto
2983;0.98;Alto
2984;0.0;
2985;0.01;Bajo
2986;0.01;Bajo
2987;0.27;Bajo
2988;0.02;Bajo
2989;0.0;
2990;0.73;Alto
2991;0.87;Alto
2992;0.08;Bajo
2993;0.64;Medio
2994;1.0;Alto
2995;0.16;Bajo
2996;0.89;Alto
2997;0.98;Alto
2998;0.0;
2999;0.08;Bajo
3000;0.84;Alto
3001;0.02;Bajo
3002;0.98;Alto
3003;0.85;Alto
3004;0.2;Bajo
3005;0.0;
3006;0.07;Bajo
3007;0.01;Bajo
3008;0.03;Bajo
3009;0.03;Bajo
3010;0.01;Bajo
3011;0.0;
3012;0.01;Bajo
3013;0.11;Bajo
3014;0.42;Medio
3015;0.01;Bajo
3016;0.07;Bajo
3017;0.01;Bajo
3018;0.03;Bajo
3019;0.74;Alto
3020;0.0;
3021;0.07;Bajo
3022;0.0;
3023;0.03;Bajo
3024;0.76;Alto
3025;0.24;Bajo
3026;0.36;Medio
3027;0.04;Bajo
3028;0.73;Alto
3029;0.01;Bajo
3030;0.39;Medio
3031;0.0;
3032;0.01;Bajo
3033;0.0;
3034;0.0;
3035;0.0;
3036;0.86;Alto
3037;0.82;Alto
3038;0.42;Medio
3039;0.05;Bajo
3040;0.01;Bajo
3041;0.0;
3042;0.89;Alto
3043;0.12;Bajo
3044;0.01;Bajo
3045;0.1;Bajo
3046;0.04;Bajo
3047;0.01;Bajo
3048;0.04;Bajo
3049;0.81;Alto
3050;0.03;Bajo
3051;0.98;Alto
3052;0.01;Bajo
3053;0.03;Bajo
3054;0.0;
3055;0.06;Bajo
3056;0.07;Bajo
3057;0.01;Bajo
3058;0.02;Bajo
3059;0.0;
3060;0.75;Alto
3061;0.97;Alto
3062;0.77;Alto
3063;0.57;Medio
3064;0.22;Bajo
3065;0.04;Bajo
3066;0.0;
3067;0.0;
3068;0.21;Bajo
3069;0.02;Bajo
3070;0.02;Bajo
3071;0.72;Alto
3072;0.1;Bajo
3073;0.86;Alto
3074;0.08;Bajo
3075;0.1;Bajo
3076;0.0;
3077;0.06;Bajo
3078;0.02;Bajo
3079;0.18;Bajo
3080;0.73;Alto
3081;0.81;Alto
3082;0.83;Alto
3083;0.03;Bajo
3084;0.0;
3085;0.02;Bajo
3086;0.0;
3087;0.05;Bajo
3088;0.04;Bajo
3089;0.0;
3090;0.08;Bajo
3091;0.03;Bajo
3092;0.02;Bajo
3093;0.44;Medio
3094;0.08;Bajo
3095;0.03;Bajo
3096;0.0;
3097;1.0;Alto
3098;0.02;Bajo
3099;0.01;Bajo
3100;0.0;
3101;0.87;Alto
3102;0.87;Alto
3103;0.0;
3104;0.18;Bajo
3105;0.02;Bajo
3106;0.08;Bajo
3107;0.12;Bajo
3108;0.01;Bajo
3109;0.79;Alto
3110;0.01;Bajo
3111;0.02;Bajo
3112;0.92;Alto
3113;0.73;Alto
3114;0.11;Bajo
3115;0.2;Bajo
3116;0.01;Bajo
3117;0.26;Bajo
3118;0.01;Bajo
3119;0.94;Alto
3120;0.0;
3121;0.02;Bajo
3122;0.0;
3123;0.02;Bajo
3124;0.22;Bajo
3125;0.04;Bajo
3126;0.07;Bajo
3127;0.83;Alto
3128;0.01;Bajo
3129;0.01;Bajo
3130;0.02;Bajo
3131;0.36;Medio
3132;0.03;Bajo
3133;0.04;Bajo
3134;0.04;Bajo
3135;0.02;Bajo
3136;0.05;Bajo
3137;0.02;Bajo
3138;0.29;Bajo
3139;0.03;Bajo
3140;0.01;Bajo
3141;0.05;Bajo
3142;0.78;Alto
3143;0.0;
3144;0.0;
3145;0.69;Medio
3146;0.01;Bajo
3147;0.23;Bajo
3148;0.68;Medio
3149;0.08;Bajo
3150;0.72;Alto
3151;0.03;Bajo
3152;0.03;Bajo
3153;0.04;Bajo
3154;0.09;Bajo
3155;0.82;Alto
3156;0.16;Bajo
3157;0.07;Bajo
3158;0.05;Bajo
3159;0.65;Medio
3160;0.76;Alto
3161;0.17;Bajo
3162;0.94;Alto
3163;0.0;
3164;0.1;Bajo
3165;0.45;Medio
3166;0.01;Bajo
3167;0.96;Alto
3168;0.8;Alto
3169;0.11;Bajo
3170;0.22;Bajo
3171;0.11;Bajo
3172;0.0;
3173;0.5;Medio
3174;0.75;Alto
3175;0.02;Bajo
3176;0.15;Bajo
3177;0.02;Bajo
3178;0.52;Medio
3179;0.22;Bajo
3180;0.02;Bajo
3181;0.1;Bajo
3182;0.01;Bajo
3183;0.93;Alto
3184;0.02;Bajo
3185;0.04;Bajo
3186;0.0;
3187;0.18;Bajo
3188;0.0;
3189;0.06;Bajo
3190;0.8;Alto
3191;0.0;
3192;0.66;Medio
3193;0.76;Alto
3194;0.23;Bajo
3195;0.14;Bajo
3196;0.06;Bajo
3197;0.07;Bajo
3198;0.33;Medio
3199;0.77;Alto
3200;0.06;Bajo
3201;0.6;Medio
3202;0.87;Alto
3203;0.08;Bajo
3204;0.0;
3205;0.9;Alto
3206;0.78;Alto
3207;0.0;
3208;0.02;Bajo
3209;0.1;Bajo
3210;0.74;Alto
3211;0.02;Bajo
3212;0.0;
3213;0.0;
3214;0.0;
3215;0.84;Alto
3216;0.07;Bajo
3217;0.04;Bajo
3218;0.88;Alto
3219;0.0;
3220;0.11;Bajo
3221;0.08;Bajo
3222;0.75;Alto
3223;0.06;Bajo
3224;0.27;Bajo
3225;0.99;Alto
3226;0.03;Bajo
3227;0.38;Medio
3228;0.04;Bajo
3229;0.07;Bajo
3230;0.02;Bajo
3231;0.79;Alto
3232;0.03;Bajo
3233;0.14;Bajo
3234;0.12;Bajo
3235;0.78;Alto
3236;0.03;Bajo
3237;0.65;Medio
3238;0.86;Alto
3239;0.36;Medio
3240;0.01;Bajo
3241;0.0;
3242;0.0;
3243;0.85;Alto
3244;0.0;
3245;0.13;Bajo
3246;0.04;Bajo
3247;0.96;Alto
3248;0.81;Alto
3249;0.02;Bajo
3250;0.03;Bajo
3251;0.74;Alto
3252;0.07;Bajo
3253;0.88;Alto
3254;0.17;Bajo
3255;0.04;Bajo
3256;0.18;Bajo
3257;0.74;Alto
3258;0.03;Bajo
3259;0.05;Bajo
3260;0.03;Bajo
3261;0.75;Alto
3262;0.28;Bajo
3263;0.0;
3264;0.0;
3265;0.03;Bajo
3266;0.09;Bajo
3267;0.15;Bajo
3268;0.03;Bajo
3269;0.17;Bajo
3270;0.07;Bajo
3271;0.69;Medio
3272;0.29;Bajo
3273;0.71;Alto
3274;0.68;Medio
3275;0.7;Medio
3276;0.28;Bajo
3277;0.0;
3278;0.23;Bajo
3279;0.19;Bajo
3280;0.94;Alto
3281;0.07;Bajo
3282;0.83;Alto
3283;0.29;Bajo
3284;0.87;Alto
3285;0.06;Bajo
3286;0.08;Bajo
3287;0.0;
3288;0.39;Medio
3289;0.03;Bajo
3290;0.79;Alto
3291;0.22;Bajo
3292;0.82;Alto
3293;0.03;Bajo
3294;0.12;Bajo
3295;0.75;Alto
3296;0.59;Medio
3297;0.08;Bajo
3298;0.0;
3299;0.83;Alto
3300;0.03;Bajo
3301;0.08;Bajo
3302;0.19;Bajo
3303;0.03;Bajo
3304;0.19;Bajo
3305;0.0;
3306;0.1;Bajo
3307;0.0;
3308;0.0;
3309;0.06;Bajo
3310;0.06;Bajo
3311;0.0;
3312;0.07;Bajo
3313;0.02;Bajo
3314;0.0;
3315;0.92;Alto
3316;0.96;Alto
3317;0.21;Bajo
3318;0.81;Alto
3319;0.07;Bajo
3320;0.76;Alto
3321;0.13;Bajo
3322;0.01;Bajo
3323;0.06;Bajo
3324;0.01;Bajo
3325;0.0;
3326;0.1;Bajo
3327;0.11;Bajo
3328;0.38;Medio
3329;0.02;Bajo
3330;0.65;Medio
3331;0.0;
3332;0.0;
3333;0.11;Bajo
3334;0.0;
3335;0.88;Alto
3336;0.18;Bajo
3337;0.65;Medio
3338;0.13;Bajo
3339;0.68;Medio
3340;0.46;Medio
3341;0.03;Bajo
3342;0.09;Bajo
3343;0.08;Bajo
3344;0.27;Bajo
3345;0.14;Bajo
3346;0.02;Bajo
3347;0.17;Bajo
3348;0.15;Bajo
3349;0.72;Alto
3350;0.08;Bajo
3351;0.0;
3352;0.09;Bajo
3353;0.82;Alto
3354;0.89;Alto
3355;0.0;
3356;0.14;Bajo
3357;0.02;Bajo
3358;0.75;Alto
3359;0.01;Bajo
3360;0.19;Bajo
3361;0.0;
3362;0.0;
3363;0.19;Bajo
3364;0.03;Bajo
3365;0.67;Medio
3366;0.72;Alto
3367;0.0;
3368;0.74;Alto
3369;0.02;Bajo
3370;0.03;Bajo
3371;0.39;Medio
3372;0.97;Alto
3373;0.04;Bajo
3374;0.0;
3375;0.15;Bajo
3376;0.88;Alto
3377;0.0;
3378;0.0;
3379;0.68;Medio
3380;0.0;
3381;0.12;Bajo
3382;0.52;Medio
3383;0.11;Bajo
3384;0.01;Bajo
3385;0.03;Bajo
3386;0.78;Alto
3387;0.04;Bajo
3388;0.04;Bajo
3389;0.11;Bajo
3390;0.13;Bajo
3391;0.12;Bajo
3392;0.01;Bajo
3393;0.15;Bajo
3394;0.05;Bajo
3395;0.01;Bajo
3396;0.85;Alto
3397;0.01;Bajo
3398;0.85;Alto
3399;0.89;Alto
3400;0.85;Alto
3401;0.0;
3402;0.01;Bajo
3403;0.01;Bajo
3404;0.22;Bajo
3405;0.0;
3406;0.0;
3407;0.22;Bajo
3408;0.05;Bajo
3409;1.0;Alto
3410;0.04;Bajo
3411;0.92;Alto
3412;0.0;
3413;0.93;Alto
3414;0.07;Bajo
3415;0.89;Alto
3416;0.83;Alto
3417;0.01;Bajo
3418;0.06;Bajo
3419;0.18;Bajo
3420;0.0;
3421;0.95;Alto
3422;0.34;Medio
3423;0.96;Alto
3424;0.89;Alto
3425;0.41;Medio
3426;0.0;
3427;0.45;Medio
3428;0.0;
3429;0.0;
3430;0.48;Medio
3431;0.41;Medio
3432;0.0;
3433;0.03;Bajo
3434;0.0;
3435;0.0;
3436;0.79;Alto
3437;0.61;Medio
3438;0.02;Bajo
3439;0.0;
3440;0.1;Bajo
3441;0.57;Medio
3442;0.8;Alto
3443;0.09;Bajo
3444;0.0;
3445;0.02;Bajo
3446;0.1;Bajo
3447;0.33;Medio
3448;0.0;
3449;0.01;Bajo
3450;0.02;Bajo
3451;0.01;Bajo
3452;0.37;Medio
3453;0.03;Bajo
3454;0.0;
3455;0.09;Bajo
3456;0.7;Medio
3457;0.03;Bajo
3458;0.77;Alto
3459;0.02;Bajo
3460;0.18;Bajo
3461;0.02;Bajo
3462;0.06;Bajo
3463;0.0;
3464;0.14;Bajo
3465;0.01;Bajo
3466;0.19;Bajo
3467;0.2;Bajo
3468;0.0;
3469;0.2;Bajo
3470;0.8;Alto
3471;0.07;Bajo
3472;0.09;Bajo
3473;0.02;Bajo
3474;0.0;
3475;0.0;
3476;0.0;
3477;0.61;Medio
3478;0.0;
3479;0.0;
3480;0.0;
3481;0.01;Bajo
3482;0.13;Bajo
3483;0.14;Bajo
3484;0.92;Alto
3485;0.01;Bajo
3486;0.22;Bajo
3487;0.11;Bajo
3488;0.38;Medio
3489;0.76;Alto
3490;0.74;Alto
3491;0.01;Bajo
3492;0.02;Bajo
3493;0.27;Bajo
3494;0.0;
3495;0.0;
3496;0.01;Bajo
3497;0.0;
3498;0.65;Medio
3499;0.41;Medio
3500;0.05;Bajo
3501;0.25;Bajo
3502;0.76;Alto
3503;0.0;
3504;0.0;
3505;0.06;Bajo
3506;0.85;Alto
3507;0.0;
3508;0.15;Bajo
3509;0.13;Bajo
3510;0.01;Bajo
3511;0.22;Bajo
3512;0.9;Alto
3513;0.02;Bajo
3514;0.63;Medio
3515;0.98;Alto
3516;0.02;Bajo
3517;0.53;Medio
3518;0.01;Bajo
3519;0.0;
3520;0.15;Bajo
3521;0.09;Bajo
3522;0.02;Bajo
3523;0.88;Alto
3524;0.88;Alto
3525;0.67;Medio
3526;0.01;Bajo
3527;0.1;Bajo
3528;0.5;Medio
3529;0.4;Medio
3530;0.9;Alto
3531;0.02;Bajo
3532;0.0;
3533;0.86;Alto
3534;0.01;Bajo
3535;0.0;
3536;0.01;Bajo
3537;0.12;Bajo
3538;0.06;Bajo
3539;0.0;
3540;0.49;Medio
3541;0.09;Bajo
3542;0.0;
3543;1.0;Alto
3544;0.14;Bajo
3545;0.04;Bajo
3546;0.6;Medio
3547;0.23;Bajo
3548;0.89;Alto
3549;0.73;Alto
3550;0.09;Bajo
3551;0.01;Bajo
3552;0.03;Bajo
3553;0.01;Bajo
3554;0.01;Bajo
3555;0.06;Bajo
3556;0.03;Bajo
3557;0.06;Bajo
3558;0.0;
3559;0.05;Bajo
3560;0.03;Bajo
3561;0.0;
3562;0.02;Bajo
3563;0.76;Alto
3564;0.95;Alto
3565;0.18;Bajo
3566;0.06;Bajo
3567;0.02;Bajo
3568;0.03;Bajo
3569;0.0;
3570;0.95;Alto
3571;0.06;Bajo
3572;0.89;Alto
3573;0.71;Alto
3574;0.09;Bajo
3575;0.92;Alto
3576;0.13;Bajo
3577;0.0;
3578;0.0;
3579;0.27;Bajo
3580;0.15;Bajo
3581;0.18;Bajo
3582;0.16;Bajo
3583;0.04;Bajo
3584;0.68;Medio
3585;0.71;Alto
3586;0.02;Bajo
3587;0.0;
3588;0.0;
3589;0.0;
3590;0.05;Bajo
3591;0.1;Bajo
3592;0.86;Alto
3593;0.03;Bajo
3594;0.15;Bajo
3595;0.01;Bajo
3596;0.05;Bajo
3597;0.05;Bajo
3598;0.04;Bajo
3599;0.01;Bajo
3600;0.01;Bajo
3601;0.2;Bajo
3602;0.0;
3603;0.09;Bajo
3604;0.01;Bajo
3605;0.02;Bajo
3606;0.01;Bajo
3607;0.01;Bajo
3608;0.25;Bajo
3609;0.72;Alto
3610;0.59;Medio
3611;0.35;Medio
3612;0.02;Bajo
3613;0.92;Alto
3614;0.0;
3615;0.0;
3616;0.02;Bajo
3617;0.61;Medio
3618;0.03;Bajo
3619;0.03;Bajo
3620;0.09;Bajo
3621;0.16;Bajo
3622;0.07;Bajo
3623;0.14;Bajo
3624;0.3;Bajo
3625;0.06;Bajo
3626;0.0;
3627;0.02;Bajo
3628;0.0;
3629;0.07;Bajo
3630;0.0;
3631;0.06;Bajo
3632;0.25;Bajo
3633;0.08;Bajo
3634;0.07;Bajo
3635;0.01;Bajo
3636;0.0;
3637;0.2;Bajo
3638;0.7;Medio
3639;0.67;Medio
3640;0.02;Bajo
3641;0.12;Bajo
3642;0.14;Bajo
3643;0.02;Bajo
3644;0.09;Bajo
3645;0.1;Bajo
3646;0.7;Medio
3647;0.0;
3648;0.45;Medio
3649;0.0;
3650;0.82;Alto
3651;0.0;
3652;0.05;Bajo
3653;0.0;
3654;0.05;Bajo
3655;0.17;Bajo
3656;0.0;
3657;0.39;Medio
3658;0.26;Bajo
3659;0.06;Bajo
3660;0.22;Bajo
3661;0.0;
3662;0.09;Bajo
3663;0.08;Bajo
3664;0.02;Bajo
3665;0.68;Medio
3666;0.24;Bajo
3667;0.59;Medio
3668;0.94;Alto
3669;0.01;Bajo
3670;0.01;Bajo
3671;0.28;Bajo
3672;0.05;Bajo
3673;0.03;Bajo
3674;0.01;Bajo
3675;0.64;Medio
3676;0.06;Bajo
3677;0.0;
3678;0.0;
3679;0.13;Bajo
3680;0.08;Bajo
3681;0.01;Bajo
3682;0.33;Medio
3683;0.83;Alto
3684;0.0;
3685;0.24;Bajo
3686;0.04;Bajo
3687;0.06;Bajo
3688;0.05;Bajo
3689;0.77;Alto
3690;0.27;Bajo
3691;0.13;Bajo
3692;0.04;Bajo
3693;0.01;Bajo
3694;0.78;Alto
3695;0.95;Alto
3696;0.93;Alto
3697;0.42;Medio
3698;0.09;Bajo
3699;0.83;Alto
3700;0.7;Medio
3701;0.04;Bajo
3702;0.12;Bajo
3703;0.18;Bajo
3704;0.0;
3705;0.0;
3706;0.04;Bajo
3707;0.15;Bajo
3708;0.8;Alto
3709;0.15;Bajo
3710;0.25;Bajo
3711;0.83;Alto
3712;0.86;Alto
3713;0.07;Bajo
3714;0.97;Alto
3715;0.05;Bajo
3716;0.14;Bajo
3717;0.14;Bajo
3718;0.02;Bajo
3719;0.25;Bajo
3720;0.2;Bajo
3721;0.04;Bajo
3722;0.01;Bajo
3723;0.15;Bajo
3724;0.04;Bajo
3725;0.05;Bajo
3726;0.07;Bajo
3727;0.18;Bajo
3728;0.09;Bajo
3729;0.25;Bajo
3730;0.02;Bajo
3731;0.17;Bajo
3732;0.07;Bajo
3733;0.03;Bajo
3734;0.72;Alto
3735;0.01;Bajo
3736;0.06;Bajo
3737;0.04;Bajo
3738;0.0;
3739;0.83;Alto
3740;0.22;Bajo
3741;0.75;Alto
3742;0.57;Medio
3743;0.12;Bajo
3744;0.93;Alto
3745;0.64;Medio
3746;0.05;Bajo
3747;0.01;Bajo
3748;0.13;Bajo
3749;0.0;
3750;0.0;
3751;0.01;Bajo
3752;0.02;Bajo
3753;0.0;
3754;0.0;
3755;0.04;Bajo
3756;0.01;Bajo
3757;0.0;
3758;0.62;Medio
3759;0.01;Bajo
3760;0.84;Alto
3761;0.04;Bajo
3762;0.02;Bajo
3763;0.05;Bajo
3764;0.03;Bajo
3765;0.26;Bajo
3766;0.61;Medio
3767;0.14;Bajo
3768;0.89;Alto
3769;0.18;Bajo
3770;0.57;Medio
3771;0.01;Bajo
3772;0.0;
3773;0.38;Medio
3774;0.12;Bajo
3775;0.06;Bajo
3776;0.3;Bajo
3777;0.03;Bajo
3778;0.48;Medio
3779;0.01;Bajo
3780;0.0;
3781;0.01;Bajo
3782;0.17;Bajo
3783;0.61;Medio
3784;0.99;Alto
3785;0.16;Bajo
3786;0.13;Bajo
3787;0.01;Bajo
3788;0.0;
3789;0.08;Bajo
3790;0.91;Alto
3791;0.08;Bajo
3792;0.01;Bajo
3793;0.05;Bajo
3794;0.16;Bajo
3795;0.03;Bajo
3796;0.56;Medio
3797;0.05;Bajo
3798;0.02;Bajo
3799;0.03;Bajo
3800;0.13;Bajo
3801;0.03;Bajo
3802;0.68;Medio
3803;0.01;Bajo
3804;0.03;Bajo
3805;0.26;Bajo
3806;0.08;Bajo
3807;0.02;Bajo
3808;0.02;Bajo
3809;0.85;Alto
3810;0.06;Bajo
3811;0.86;Alto
3812;0.74;Alto
3813;0.92;Alto
3814;0.06;Bajo
3815;0.04;Bajo
3816;0.01;Bajo
3817;0.05;Bajo
3818;0.41;Medio
3819;0.02;Bajo
3820;0.78;Alto
3821;0.03;Bajo
3822;0.99;Alto
3823;0.24;Bajo
3824;0.78;Alto
3825;0.31;Medio
3826;0.02;Bajo
3827;0.08;Bajo
3828;0.01;Bajo
3829;0.63;Medio
3830;0.05;Bajo
3831;0.0;
3832;0.21;Bajo
3833;0.08;Bajo
3834;0.1;Bajo
3835;0.0;
3836;0.0;
3837;0.0;
3838;0.06;Bajo
3839;0.04;Bajo
3840;0.04;Bajo
3841;0.99;Alto
3842;0.0;
3843;0.89;Alto
3844;0.06;Bajo
3845;0.0;
3846;0.09;Bajo
3847;0.0;
3848;0.98;Alto
3849;0.06;Bajo
3850;0.08;Bajo
3851;0.77;Alto
3852;0.23;Bajo
3853;0.8;Alto
3854;0.1;Bajo
3855;0.01;Bajo
3856;0.35;Medio
3857;0.02;Bajo
3858;0.0;
3859;0.01;Bajo
3860;0.03;Bajo
3861;0.97;Alto
3862;0.05;Bajo
3863;0.02;Bajo
3864;0.16;Bajo
3865;0.88;Alto
3866;0.01;Bajo
3867;0.03;Bajo
3868;0.0;
3869;0.12;Bajo
3870;0.0;
3871;0.05;Bajo
3872;0.09;Bajo
3873;0.11;Bajo
3874;0.0;
3875;1.0;Alto
3876;0.05;Bajo
3877;0.86;Alto
3878;0.18;Bajo
3879;0.21;Bajo
3880;0.02;Bajo
3881;0.02;Bajo
3882;0.78;Alto
3883;0.0;
3884;0.5;Medio
3885;0.2;Bajo
3886;0.77;Alto
3887;0.18;Bajo
3888;0.74;Alto
3889;0.09;Bajo
3890;0.17;Bajo
3891;0.03;Bajo
3892;0.03;Bajo
3893;0.93;Alto
3894;0.89;Alto
3895;0.61;Medio
3896;0.18;Bajo
3897;0.72;Alto
3898;0.0;
3899;0.0;
3900;0.89;Alto
3901;0.1;Bajo
3902;0.8;Alto
3903;0.04;Bajo
3904;0.02;Bajo
3905;0.02;Bajo
3906;0.88;Alto
3907;0.88;Alto
3908;0.1;Bajo
3909;0.02;Bajo
3910;0.1;Bajo
3911;0.03;Bajo
3912;0.68;Medio
3913;0.02;Bajo
3914;0.2;Bajo
3915;0.02;Bajo
3916;0.98;Alto
3917;0.35;Medio
3918;0.18;Bajo
3919;0.14;Bajo
3920;0.0;
3921;0.0;
3922;0.78;Alto
3923;0.93;Alto
3924;0.01;Bajo
3925;0.32;Medio
3926;0.69;Medio
3927;0.21;Bajo
3928;0.1;Bajo
3929;0.61;Medio
3930;0.0;
3931;0.91;Alto
3932;0.17;Bajo
3933;0.0;
3934;0.01;Bajo
3935;0.86;Alto
3936;0.01;Bajo
3937;0.89;Alto
3938;0.84;Alto
3939;0.17;Bajo
3940;0.81;Alto
3941;0.03;Bajo
3942;0.0;
3943;0.04;Bajo
3944;0.03;Bajo
3945;0.39;Medio
3946;0.0;
3947;0.83;Alto
3948;0.17;Bajo
3949;0.83;Alto
3950;0.64;Medio
3951;0.85;Alto
3952;0.0;
3953;0.56;Medio
3954;0.01;Bajo
3955;0.02;Bajo
3956;0.27;Bajo
3957;0.86;Alto
3958;0.02;Bajo
3959;0.0;
3960;0.0;
3961;0.01;Bajo
3962;0.12;Bajo
3963;0.79;Alto
3964;0.29;Bajo
3965;0.02;Bajo
3966;0.99;Alto
3967;0.8;Alto
3968;0.96;Alto
3969;0.83;Alto
3970;0.01;Bajo
3971;0.23;Bajo
3972;0.0;
3973;0.06;Bajo
3974;0.77;Alto
3975;0.62;Medio
3976;0.01;Bajo
3977;0.55;Medio
3978;0.23;Bajo
3979;0.0;
3980;0.71;Alto
3981;0.63;Medio
3982;0.03;Bajo
3983;0.88;Alto
3984;0.51;Medio
3985;0.03;Bajo
3986;0.01;Bajo
3987;0.78;Alto
3988;0.52;Medio
3989;0.05;Bajo
3990;0.82;Alto
3991;0.03;Bajo
3992;0.77;Alto
3993;0.88;Alto
3994;0.95;Alto
3995;0.31;Medio
3996;0.01;Bajo
3997;0.01;Bajo
3998;0.15;Bajo
3999;0.96;Alto
4000;0.19;Bajo
4001;0.03;Bajo
4002;0.68;Medio
4003;0.3;Bajo
4004;0.03;Bajo
4005;0.0;
4006;0.0;
4007;0.02;Bajo
4008;0.98;Alto
4009;0.0;
4010;0.74;Alto
4011;0.74;Alto
4012;0.03;Bajo
4013;0.66;Medio
4014;0.0;
4015;0.11;Bajo
4016;0.92;Alto
4017;0.27;Bajo
4018;0.14;Bajo
4019;0.79;Alto
4020;0.16;Bajo
4021;0.04;Bajo
4022;0.01;Bajo
4023;0.16;Bajo
4024;0.22;Bajo
4025;0.5;Medio
4026;0.03;Bajo
4027;0.03;Bajo
4028;0.69;Medio
4029;0.72;Alto
4030;0.99;Alto
4031;0.01;Bajo
4032;0.0;
4033;0.02;Bajo
4034;0.01;Bajo
4035;0.8;Alto
4036;0.0;
4037;0.02;Bajo
4038;0.97;Alto
4039;0.05;Bajo
4040;0.02;Bajo
4041;0.28;Bajo
4042;0.04;Bajo
4043;0.06;Bajo
4044;0.02;Bajo
4045;0.04;Bajo
4046;0.11;Bajo
4047;0.43;Medio
4048;0.03;Bajo
4049;0.02;Bajo
4050;0.62;Medio
4051;0.74;Alto
4052;0.01;Bajo
4053;0.05;Bajo
4054;0.05;Bajo
4055;0.54;Medio
4056;0.07;Bajo
4057;0.01;Bajo
4058;0.19;Bajo
4059;0.11;Bajo
4060;0.11;Bajo
4061;0.0;
4062;0.0;
4063;0.04;Bajo
4064;0.01;Bajo
4065;0.24;Bajo
4066;0.0;
4067;0.22;Bajo
4068;0.02;Bajo
4069;0.04;Bajo
4070;0.04;Bajo
4071;0.04;Bajo
4072;0.11;Bajo
4073;0.06;Bajo
4074;0.6;Medio
4075;0.0;
4076;0.97;Alto
4077;0.29;Bajo
4078;0.01;Bajo
4079;0.11;Bajo
4080;0.18;Bajo
4081;0.19;Bajo
4082;1.0;Alto
4083;0.09;Bajo
4084;0.17;Bajo
4085;0.07;Bajo
4086;0.15;Bajo
4087;0.1;Bajo
4088;0.0;
4089;0.95;Alto
4090;0.12;Bajo
4091;0.58;Medio
4092;0.01;Bajo
4093;0.03;Bajo
4094;0.05;Bajo
4095;0.28;Bajo
4096;0.05;Bajo
4097;0.94;Alto
4098;0.67;Medio
4099;0.85;Alto
4100;0.23;Bajo
4101;0.01;Bajo
4102;0.01;Bajo
4103;0.24;Bajo
4104;0.1;Bajo
4105;0.08;Bajo
4106;0.24;Bajo
4107;0.0;
4108;0.0;
4109;0.87;Alto
4110;0.24;Bajo
4111;0.81;Alto
4112;0.52;Medio
4113;0.25;Bajo
4114;0.17;Bajo
4115;0.87;Alto
4116;0.28;Bajo
4117;0.01;Bajo
4118;0.02;Bajo
4119;0.04;Bajo
4120;0.01;Bajo
4121;0.04;Bajo
4122;0.26;Bajo
4123;0.1;Bajo
4124;0.0;
4125;0.01;Bajo
4126;0.01;Bajo
4127;0.19;Bajo
4128;0.53;Medio
4129;0.65;Medio
4130;0.0;
4131;0.2;Bajo
4132;0.96;Alto
4133;0.92;Alto
4134;0.01;Bajo
4135;0.01;Bajo
4136;0.05;Bajo
4137;0.93;Alto
4138;0.03;Bajo
4139;0.0;
4140;0.98;Alto
4141;0.69;Medio
4142;0.12;Bajo
4143;0.08;Bajo
4144;0.09;Bajo
4145;0.03;Bajo
4146;0.02;Bajo
4147;0.93;Alto
4148;0.76;Alto
4149;0.01;Bajo
4150;0.1;Bajo
4151;0.02;Bajo
4152;0.94;Alto
4153;0.77;Alto
4154;0.3;Bajo
4155;0.01;Bajo
4156;0.02;Bajo
4157;0.89;Alto
4158;0.22;Bajo
4159;0.09;Bajo
4160;0.08;Bajo
4161;0.0;
4162;0.45;Medio
4163;0.01;Bajo
4164;0.03;Bajo
4165;0.03;Bajo
4166;0.16;Bajo
4167;0.93;Alto
4168;0.31;Medio
4169;0.04;Bajo
4170;0.0;
4171;0.0;
4172;0.11;Bajo
4173;0.01;Bajo
4174;0.18;Bajo
4175;0.01;Bajo
4176;0.71;Alto
4177;0.0;
4178;0.88;Alto
4179;0.02;Bajo
4180;0.78;Alto
4181;0.13;Bajo
4182;0.21;Bajo
4183;0.03;Bajo
4184;0.0;
4185;0.03;Bajo
4186;0.29;Bajo
4187;0.47;Medio
4188;0.86;Alto
4189;0.0;
4190;0.91;Alto
4191;0.02;Bajo
4192;0.42;Medio
4193;0.89;Alto
4194;0.0;
4195;0.18;Bajo
4196;0.82;Alto
4197;0.0;
4198;0.01;Bajo
4199;0.14;Bajo
4200;0.01;Bajo
4201;0.01;Bajo
4202;0.12;Bajo
4203;0.26;Bajo
4204;0.0;
4205;0.01;Bajo
4206;0.06;Bajo
4207;0.08;Bajo
4208;0.11;Bajo
4209;0.12;Bajo
4210;0.85;Alto
4211;0.06;Bajo
4212;0.1;Bajo
4213;0.75;Alto
4214;0.23;Bajo
4215;0.0;
4216;0.29;Bajo
4217;0.24;Bajo
4218;0.02;Bajo
4219;0.04;Bajo
4220;0.0;
4221;0.1;Bajo
4222;0.27;Bajo
4223;0.0;
4224;0.14;Bajo
4225;0.11;Bajo
4226;0.11;Bajo
4227;0.0;
4228;0.07;Bajo
4229;0.0;
4230;0.12;Bajo
4231;0.04;Bajo
4232;0.78;Alto
4233;0.05;Bajo
4234;0.21;Bajo
4235;0.98;Alto
4236;0.01;Bajo
4237;0.04;Bajo
4238;0.01;Bajo
4239;0.96;Alto
4240;0.69;Medio
4241;0.01;Bajo
4242;0.96;Alto
4243;0.02;Bajo
4244;0.68;Medio
4245;0.76;Alto
4246;0.73;Alto
4247;0.01;Bajo
4248;0.18;Bajo
4249;0.27;Bajo
4250;0.03;Bajo
4251;0.03;Bajo
4252;0.0;
4253;0.2;Bajo
4254;0.06;Bajo
4255;0.11;Bajo
4256;0.01;Bajo
4257;0.0;
4258;0.04;Bajo
4259;0.0;
4260;0.75;Alto
4261;0.0;
4262;0.72;Alto
4263;0.24;Bajo
4264;0.01;Bajo
4265;0.78;Alto
4266;0.7;Medio
4267;0.81;Alto
4268;0.1;Bajo
4269;0.05;Bajo
4270;0.01;Bajo
4271;0.69;Medio
4272;0.0;
4273;0.21;Bajo
4274;0.02;Bajo
4275;0.07;Bajo
4276;0.04;Bajo
4277;0.68;Medio
4278;0.65;Medio
4279;0.52;Medio
4280;0.17;Bajo
4281;0.76;Alto
4282;0.03;Bajo
4283;0.03;Bajo
4284;0.02;Bajo
4285;0.06;Bajo
4286;0.83;Alto
4287;0.02;Bajo
4288;0.15;Bajo
4289;0.02;Bajo
4290;0.57;Medio
4291;0.71;Alto
4292;0.7;Medio
4293;0.0;
4294;0.0;
4295;0.01;Bajo
4296;0.03;Bajo
4297;0.8;Alto
4298;0.21;Bajo
4299;0.97;Alto
4300;0.02;Bajo
4301;0.07;Bajo
4302;0.01;Bajo
4303;0.21;Bajo
4304;0.21;Bajo
4305;0.12;Bajo
4306;0.03;Bajo
4307;0.91;Alto
4308;0.89;Alto
4309;0.01;Bajo
4310;0.01;Bajo
4311;0.88;Alto
4312;0.09;Bajo
4313;0.03;Bajo
4314;0.03;Bajo
4315;0.01;Bajo
4316;0.32;Medio
4317;0.34;Medio
4318;0.05;Bajo
4319;0.01;Bajo
4320;0.08;Bajo
4321;0.23;Bajo
4322;0.1;Bajo
4323;0.0;
4324;0.71;Alto
4325;0.0;
4326;0.04;Bajo
4327;0.17;Bajo
4328;0.1;Bajo
4329;0.74;Alto
4330;0.0;
4331;0.08;Bajo
4332;0.77;Alto
4333;0.13;Bajo
4334;0.09;Bajo
4335;0.02;Bajo
4336;0.92;Alto
4337;0.9;Alto
4338;0.0;
4339;0.57;Medio
4340;0.65;Medio
4341;0.79;Alto
4342;0.04;Bajo
4343;0.05;Bajo
4344;0.97;Alto
4345;0.26;Bajo
4346;0.03;Bajo
4347;0.01;Bajo
4348;0.02;Bajo
4349;0.29;Bajo
4350;0.75;Alto
4351;0.88;Alto
4352;0.1;Bajo
4353;0.0;
4354;0.01;Bajo
4355;0.77;Alto
4356;0.06;Bajo
4357;0.01;Bajo
4358;0.27;Bajo
4359;0.15;Bajo
4360;0.87;Alto
4361;0.0;
4362;0.01;Bajo
4363;0.0;
4364;0.94;Alto
4365;0.01;Bajo
4366;0.79;Alto
4367;0.09;Bajo
4368;0.09;Bajo
4369;0.55;Medio
4370;0.01;Bajo
4371;0.01;Bajo
4372;0.0;
4373;0.15;Bajo
4374;0.01;Bajo
4375;0.02;Bajo
4376;0.37;Medio
4377;0.87;Alto
4378;0.52;Medio
4379;0.05;Bajo
4380;0.4;Medio
4381;0.95;Alto
4382;0.0;
4383;0.06;Bajo
4384;0.01;Bajo
4385;0.32;Medio
4386;0.01;Bajo
4387;0.03;Bajo
4388;0.33;Medio
4389;0.02;Bajo
4390;0.11;Bajo
4391;0.19;Bajo
4392;0.22;Bajo
4393;0.87;Alto
4394;0.0;
4395;0.12;Bajo
4396;0.09;Bajo
4397;0.93;Alto
4398;0.01;Bajo
4399;0.04;Bajo
4400;0.01;Bajo
4401;0.0;
4402;0.3;Bajo
4403;0.9;Alto
4404;0.13;Bajo
4405;0.04;Bajo
4406;0.24;Bajo
4407;0.01;Bajo
4408;0.01;Bajo
4409;0.07;Bajo
4410;0.01;Bajo
4411;0.15;Bajo
4412;0.03;Bajo
4413;0.08;Bajo
4414;0.38;Medio
4415;0.02;Bajo
4416;0.72;Alto
4417;0.12;Bajo
4418;0.14;Bajo
4419;0.03;Bajo
4420;0.04;Bajo
4421;0.23;Bajo
4422;0.34;Medio
4423;0.08;Bajo
4424;0.11;Bajo
4425;0.06;Bajo
4426;0.67;Medio
4427;0.01;Bajo
4428;0.02;Bajo
4429;0.0;
4430;0.01;Bajo
4431;0.17;Bajo
4432;0.03;Bajo
4433;0.03;Bajo
4434;0.66;Medio
4435;0.07;Bajo
4436;0.04;Bajo
4437;0.01;Bajo
4438;0.3;Bajo
4439;0.06;Bajo
4440;0.04;Bajo
4441;0.88;Alto
4442;0.83;Alto
4443;0.14;Bajo
4444;0.75;Alto
4445;0.81;Alto
4446;0.0;
4447;0.64;Medio
4448;0.12;Bajo
4449;0.04;Bajo
4450;0.66;Medio
4451;0.15;Bajo
4452;0.61;Medio
4453;0.23;Bajo
4454;0.34;Medio
4455;0.65;Medio
4456;0.18;Bajo
4457;0.59;Medio
4458;0.05;Bajo
4459;0.72;Alto
4460;0.02;Bajo
4461;0.73;Alto
4462;0.1;Bajo
4463;0.09;Bajo
4464;0.03;Bajo
4465;0.04;Bajo
4466;0.21;Bajo
4467;0.19;Bajo
4468;0.03;Bajo
4469;0.06;Bajo
4470;0.04;Bajo
4471;0.05;Bajo
4472;0.01;Bajo
4473;0.39;Medio
4474;0.15;Bajo
4475;0.05;Bajo
4476;0.03;Bajo
4477;0.25;Bajo
4478;0.17;Bajo
4479;0.8;Alto
4480;0.03;Bajo
4481;0.61;Medio
4482;0.05;Bajo
4483;0.05;Bajo
4484;0.63;Medio
4485;0.05;Bajo
4486;0.16;Bajo
4487;0.0;
4488;0.09;Bajo
4489;0.92;Alto
4490;0.73;Alto
4491;0.18;Bajo
4492;0.17;Bajo
4493;0.02;Bajo
4494;0.11;Bajo
4495;0.06;Bajo
4496;0.01;Bajo
4497;0.42;Medio
4498;0.07;Bajo
4499;0.62;Medio
4500;0.76;Alto
4501;0.89;Alto
4502;0.08;Bajo
4503;0.58;Medio
4504;0.51;Medio
4505;0.14;Bajo
4506;0.1;Bajo
4507;0.11;Bajo
4508;0.61;Medio
4509;0.85;Alto
4510;0.83;Alto
4511;0.74;Alto
4512;0.14;Bajo
4513;0.77;Alto
4514;0.0;
4515;0.03;Bajo
4516;0.05;Bajo
4517;0.64;Medio
4518;0.1;Bajo
4519;0.0;
4520;0.04;Bajo
4521;0.84;Alto
4522;0.29;Bajo
4523;0.08;Bajo
4524;0.04;Bajo
4525;0.01;Bajo
4526;0.0;
4527;0.32;Medio
4528;0.11;Bajo
4529;0.16;Bajo
4530;0.69;Medio
4531;0.04;Bajo
4532;0.04;Bajo
4533;0.8;Alto
4534;0.12;Bajo
4535;0.17;Bajo
4536;0.19;Bajo
4537;0.03;Bajo
4538;0.79;Alto
4539;0.31;Medio
4540;0.04;Bajo
4541;0.82;Alto
4542;0.01;Bajo
4543;0.0;
4544;0.85;Alto
4545;0.39;Medio
4546;0.02;Bajo
4547;0.04;Bajo
4548;0.02;Bajo
4549;0.31;Medio
4550;0.09;Bajo
4551;0.0;
4552;0.0;
4553;0.02;Bajo
4554;0.0;
4555;0.02;Bajo
4556;0.08;Bajo
4557;0.01;Bajo
4558;0.0;
4559;0.36;Medio
4560;0.02;Bajo
4561;0.72;Alto
4562;0.0;
4563;0.0;
4564;0.09;Bajo
4565;0.12;Bajo
4566;0.09;Bajo
4567;0.07;Bajo
4568;0.0;
4569;0.04;Bajo
4570;0.02;Bajo
4571;0.51;Medio
4572;0.03;Bajo
4573;0.45;Medio
4574;0.37;Medio
4575;0.12;Bajo
4576;0.01;Bajo
4577;0.0;
4578;0.02;Bajo
4579;0.13;Bajo
4580;0.78;Alto
4581;0.14;Bajo
4582;0.0;
4583;0.71;Alto
4584;0.03;Bajo
4585;0.77;Alto
4586;0.04;Bajo
4587;0.04;Bajo
4588;0.03;Bajo
4589;0.44;Medio
4590;0.01;Bajo
4591;0.06;Bajo
4592;0.21;Bajo
4593;0.0;
4594;0.01;Bajo
4595;0.02;Bajo
4596;0.06;Bajo
4597;0.03;Bajo
4598;0.01;Bajo
4599;0.02;Bajo
4600;0.03;Bajo
4601;0.0;
4602;0.23;Bajo
4603;0.75;Alto
4604;0.02;Bajo
4605;0.77;Alto
4606;0.74;Alto
4607;0.07;Bajo
4608;0.8;Alto
4609;0.61;Medio
4610;0.21;Bajo
4611;0.03;Bajo
4612;0.05;Bajo
4613;0.14;Bajo
4614;0.87;Alto
4615;0.24;Bajo
4616;0.79;Alto
4617;0.82;Alto
4618;0.01;Bajo
4619;0.56;Medio
4620;0.0;
4621;0.21;Bajo
4622;0.9;Alto
4623;0.02;Bajo
4624;0.24;Bajo
4625;0.38;Medio
4626;0.0;
4627;0.19;Bajo
4628;0.08;Bajo
4629;0.1;Bajo
4630;0.13;Bajo
4631;0.24;Bajo
4632;0.2;Bajo
4633;0.03;Bajo
4634;0.0;
4635;0.14;Bajo
4636;0.06;Bajo
4637;0.67;Medio
4638;0.21;Bajo
4639;0.96;Alto
4640;0.05;Bajo
4641;0.03;Bajo
4642;0.0;
4643;0.23;Bajo
4644;0.0;
4645;0.14;Bajo
4646;0.2;Bajo
4647;0.07;Bajo
4648;0.22;Bajo
4649;0.15;Bajo
4650;0.06;Bajo
4651;0.0;
4652;0.13;Bajo
4653;0.15;Bajo
4654;0.01;Bajo
4655;0.0;
4656;0.12;Bajo
4657;0.03;Bajo
4658;0.0;
4659;0.02;Bajo
4660;0.05;Bajo
4661;0.04;Bajo
4662;0.31;Medio
4663;0.13;Bajo
4664;0.73;Alto
4665;0.22;Bajo
4666;0.11;Bajo
4667;0.01;Bajo
4668;0.02;Bajo
4669;0.14;Bajo
4670;0.0;
4671;0.0;
4672;0.87;Alto
4673;0.13;Bajo
4674;0.82;Alto
4675;0.01;Bajo
4676;0.15;Bajo
4677;0.03;Bajo
4678;0.05;Bajo
4679;0.04;Bajo
4680;0.96;Alto
4681;0.99;Alto
4682;0.01;Bajo
4683;0.03;Bajo
4684;0.16;Bajo
4685;0.01;Bajo
4686;0.69;Medio
4687;0.02;Bajo
4688;0.54;Medio
4689;0.0;
4690;0.01;Bajo
4691;0.02;Bajo
4692;0.05;Bajo
4693;0.0;
4694;0.55;Medio
4695;0.08;Bajo
4696;0.0;
4697;0.02;Bajo
4698;0.02;Bajo
4699;0.03;Bajo
4700;0.76;Alto
4701;0.13;Bajo
4702;0.04;Bajo
4703;0.01;Bajo
4704;0.91;Alto
4705;0.01;Bajo
4706;0.14;Bajo
4707;0.74;Alto
4708;0.76;Alto
4709;0.05;Bajo
4710;0.09;Bajo
4711;0.21;Bajo
4712;0.0;
4713;0.07;Bajo
4714;0.03;Bajo
4715;0.09;Bajo
4716;0.02;Bajo
4717;0.2;Bajo
4718;0.0;
4719;0.13;Bajo
4720;0.67;Medio
4721;0.45;Medio
4722;0.0;
4723;0.92;Alto
4724;0.12;Bajo
4725;0.8;Alto
4726;0.65;Medio
4727;0.26;Bajo
4728;0.3;Bajo
4729;0.0;
4730;0.05;Bajo
4731;0.0;
4732;0.04;Bajo
4733;0.76;Alto
4734;0.16;Bajo
4735;0.0;
4736;0.09;Bajo
4737;0.0;
4738;0.76;Alto
4739;0.04;Bajo
4740;0.82;Alto
4741;0.08;Bajo
4742;0.0;
4743;0.03;Bajo
4744;0.13;Bajo
4745;0.03;Bajo
4746;0.0;
4747;0.0;
4748;0.03;Bajo
4749;0.05;Bajo
4750;0.04;Bajo
4751;0.01;Bajo
4752;0.22;Bajo
4753;0.01;Bajo
4754;0.25;Bajo
4755;0.76;Alto
4756;0.02;Bajo
4757;0.84;Alto
4758;0.04;Bajo
4759;0.74;Alto
4760;0.49;Medio
4761;0.05;Bajo
4762;0.04;Bajo
4763;0.01;Bajo
4764;0.04;Bajo
4765;0.9;Alto
4766;0.0;
4767;0.01;Bajo
4768;0.2;Bajo
4769;0.77;Alto
4770;0.41;Medio
4771;0.02;Bajo
4772;0.01;Bajo
4773;0.02;Bajo
4774;0.15;Bajo
4775;0.8;Alto
4776;0.03;Bajo
4777;0.09;Bajo
4778;0.02;Bajo
4779;0.05;Bajo
4780;0.22;Bajo
4781;0.97;Alto
4782;0.25;Bajo
4783;0.05;Bajo
4784;0.0;
4785;0.06;Bajo
4786;0.02;Bajo
4787;0.14;Bajo
4788;0.0;
4789;0.34;Medio
4790;0.16;Bajo
4791;0.77;Alto
4792;0.0;
4793;0.01;Bajo
4794;0.07;Bajo
4795;0.11;Bajo
4796;0.0;
4797;0.93;Alto
4798;0.07;Bajo
4799;0.0;
4800;0.01;Bajo
4801;0.05;Bajo
4802;0.03;Bajo
4803;0.22;Bajo
4804;0.85;Alto
4805;0.05;Bajo
4806;0.3;Bajo
4807;0.07;Bajo
4808;0.09;Bajo
4809;0.01;Bajo
4810;0.0;
4811;0.0;
4812;0.0;
4813;0.0;
4814;0.01;Bajo
4815;0.86;Alto
4816;0.1;Bajo
4817;0.03;Bajo
4818;0.64;Medio
4819;0.29;Bajo
4820;0.01;Bajo
4821;0.84;Alto
4822;0.01;Bajo
4823;0.19;Bajo
4824;0.06;Bajo
4825;0.26;Bajo
4826;0.64;Medio
4827;0.14;Bajo
4828;0.23;Bajo
4829;0.92;Alto
4830;0.93;Alto
4831;0.0;
4832;0.0;
4833;0.87;Alto
4834;0.72;Alto
4835;0.0;
4836;0.11;Bajo
4837;0.03;Bajo
4838;0.94;Alto
4839;0.28;Bajo
4840;0.04;Bajo
4841;0.17;Bajo
4842;0.93;Alto
4843;0.02;Bajo
4844;0.02;Bajo
4845;0.91;Alto
4846;0.0;
4847;0.0;
4848;0.19;Bajo
4849;0.89;Alto
4850;0.71;Alto
4851;0.03;Bajo
4852;0.16;Bajo
4853;0.02;Bajo
4854;0.02;Bajo
4855;0.2;Bajo
4856;0.2;Bajo
4857;0.0;
4858;0.99;Alto
4859;0.01;Bajo
4860;0.05;Bajo
4861;0.01;Bajo
4862;0.96;Alto
4863;0.24;Bajo
4864;0.77;Alto
4865;0.06;Bajo
4866;0.71;Alto
4867;0.09;Bajo
4868;0.01;Bajo
4869;0.91;Alto
4870;0.02;Bajo
4871;0.79;Alto
4872;0.34;Medio
4873;0.03;Bajo
4874;0.01;Bajo
4875;0.1;Bajo
4876;0.14;Bajo
4877;0.38;Medio
4878;0.0;
4879;0.0;
4880;0.18;Bajo
4881;0.77;Alto
4882;0.0;
4883;0.0;
4884;0.65;Medio
4885;0.46;Medio
4886;0.05;Bajo
4887;0.25;Bajo
4888;0.04;Bajo
4889;0.0;
4890;0.0;
4891;0.02;Bajo
4892;0.04;Bajo
4893;0.21;Bajo
4894;0.02;Bajo
4895;0.07;Bajo
4896;0.01;Bajo
4897;0.99;Alto
4898;0.76;Alto
4899;0.0;
4900;0.04;Bajo
4901;0.9;Alto
4902;0.71;Alto
4903;0.96;Alto
4904;0.71;Alto
4905;0.06;Bajo
4906;0.71;Alto
4907;0.33;Medio
4908;0.96;Alto
4909;0.0;
4910;0.0;
4911;0.03;Bajo
4912;0.93;Alto
4913;0.78;Alto
4914;0.01;Bajo
4915;0.89;Alto
4916;0.77;Alto
4917;0.08;Bajo
4918;0.3;Bajo
4919;0.81;Alto
4920;0.06;Bajo
4921;0.09;Bajo
4922;0.44;Medio
4923;0.13;Bajo
4924;0.0;
4925;0.15;Bajo
4926;0.0;
4927;0.15;Bajo
4928;0.02;Bajo
4929;0.82;Alto
4930;0.8;Alto
4931;0.54;Medio
4932;0.8;Alto
4933;0.1;Bajo
4934;0.85;Alto
4935;0.68;Medio
4936;0.84;Alto
4937;0.85;Alto
4938;0.02;Bajo
4939;0.0;
4940;0.0;
4941;0.05;Bajo
4942;0.16;Bajo
4943;0.3;Bajo
4944;0.02;Bajo
4945;0.16;Bajo
4946;0.05;Bajo
4947;0.21;Bajo
4948;0.01;Bajo
4949;0.03;Bajo
4950;0.19;Bajo
4951;0.24;Bajo
4952;0.07;Bajo
4953;0.02;Bajo
4954;0.04;Bajo
4955;0.46;Medio
4956;0.01;Bajo
4957;0.07;Bajo
4958;0.08;Bajo
4959;0.02;Bajo
4960;0.02;Bajo
4961;0.96;Alto
4962;0.26;Bajo
4963;0.0;
4964;0.0;
4965;0.19;Bajo
4966;0.45;Medio
4967;0.02;Bajo
4968;0.48;Medio
4969;0.7;Medio
4970;0.06;Bajo
4971;0.9;Alto
4972;0.12;Bajo
4973;0.04;Bajo
4974;0.11;Bajo
4975;0.29;Bajo
4976;0.17;Bajo
4977;0.03;Bajo
4978;0.08;Bajo
4979;0.66;Medio
4980;0.76;Alto
4981;0.0;
4982;0.04;Bajo
4983;0.1;Bajo
4984;0.78;Alto
4985;0.31;Medio
4986;0.0;
4987;0.0;
4988;0.32;Medio
4989;0.0;
4990;0.09;Bajo
4991;0.08;Bajo
4992;0.04;Bajo
4993;0.02;Bajo
4994;0.09;Bajo
4995;0.04;Bajo
4996;0.05;Bajo
4997;0.05;Bajo
4998;0.2;Bajo
4999;0.08;Bajo
5000;0.75;Alto
