id_producto;nombre;categoria;subcategoria;marca;precio_lista;costo_unitario_promedio
1;Arroz Extra 1 kg;Abarrotes;Arroz;Costeño;6.9;4.4
2;Arroz Superior 5 kg;Abarrotes;Arroz;Costeño;31.9;23.8
3;Arroz Premium 5 kg;Abarrotes;Arroz;Paisana;34.9;26.2
4;Arroz Extra 750 g;Abarrotes;Arroz;Faraón;5.4;3.6
5;Arroz Integral 1 kg;Abarrotes;Arroz;Valle Norte;8.9;6.1
6;Arroz Extra 1 kg;Abarrotes;Arroz;Tropical;6.5;4.1
7;Arroz Superior 750 g;Abarrotes;Arroz;Costeño;5.1;3.4
8;Arroz Premium 1 kg;Abarrotes;Arroz;Faraón;7.5;5
9;Arroz Extra 5 kg;Abarrotes;Arroz;Paisana;32.5;24.3
10;Arroz Integral 5 kg;Abarrotes;Arroz;Valle Norte;38.9;29
11;Arroz Extra 1 kg;Abarrotes;Arroz;Añejo Real;7.2;4.7
12;Arroz Superior 1 kg;Abarrotes;Arroz;Costeño;6.8;4.3
13;Arroz Premium 750 g;Abarrotes;Arroz;Tropical;5.9;3.9
14;Arroz Extra 2 kg;Abarrotes;Arroz;Paisana;12.9;9.1
15;Arroz Integral 2 kg;Abarrotes;Arroz;Faraón;14.9;10.8
16;Fideo Spaghetti 500 g;Abarrotes;Fideos;Molitalia;4.8;2.9
17;Fideo Tallarín 500 g;Abarrotes;Fideos;Don Vittorio;4.6;2.8
18;Fideo Cabello de Ángel;Abarrotes;Fideos;Nicolini;4.2;2.5
19;Fideo Tornillo;Abarrotes;Fideos;Molitalia;4.9;3
20;Fideo Corbata;Abarrotes;Fideos;Don Vittorio;5.3;3.2
21;Fideo Spaghetti Integral;Abarrotes;Fideos;Molitalia;6.2;4.1
22;Fideo Nido;Abarrotes;Fideos;Nicolini;5.1;3.2
23;Fideo Tallarín Familiar;Abarrotes;Fideos;Don Vittorio;7.5;5.1
24;Fideo Spaghetti Familiar;Abarrotes;Fideos;Molitalia;7.9;5.4
25;Fideo Tornillo Integral;Abarrotes;Fideos;Nicolini;6.5;4.2
26;Fideo Letras;Abarrotes;Fideos;Nicolini;4.9;3
27;Fideo Estrellas;Abarrotes;Fideos;Don Vittorio;5.1;3.1
28;Fideo Lasaña;Abarrotes;Fideos;Molitalia;8.2;5.8
29;Fideo Codito;Abarrotes;Fideos;Nicolini;4.8;2.9
30;Fideo Caracol;Abarrotes;Fideos;Molitalia;4.7;2.8
31;Azúcar Rubia 1 kg;Abarrotes;Azúcar y Endulzantes;Cartavio;5.4;3.4
32;Azúcar Blanca 1 kg;Abarrotes;Azúcar y Endulzantes;Paramonga;5.2;3.3
33;Azúcar Rubia 2 kg;Abarrotes;Azúcar y Endulzantes;Cartavio;10.3;6.8
34;Azúcar Blanca 2 kg;Abarrotes;Azúcar y Endulzantes;Paramonga;10.1;6.6
35;Stevia 100 sobres;Abarrotes;Azúcar y Endulzantes;Monk;16.9;11.2
36;Endulzante Líquido;Abarrotes;Azúcar y Endulzantes;Monk;18.5;12.5
37;Azúcar Morena 1 kg;Abarrotes;Azúcar y Endulzantes;Cartavio;6.1;4.1
38;Panela Molida;Abarrotes;Azúcar y Endulzantes;Valle Dulce;8.5;5.8
39;Stevia 50 sobres;Abarrotes;Azúcar y Endulzantes;Monk;9.9;6.5
40;Azúcar Blanca 5 kg;Abarrotes;Azúcar y Endulzantes;Paramonga;23.9;17.3
41;Aceite Vegetal 1 L;Abarrotes;Aceites;Primor;12.5;8.7
42;Aceite Girasol 1 L;Abarrotes;Aceites;Cocinero;13.2;9.1
43;Aceite Oliva 500 ml;Abarrotes;Aceites;Olivos del Sur;28.9;20.6
44;Aceite Canola 900 ml;Abarrotes;Aceites;Cocinero;14.5;10.1
45;Aceite Vegetal 5 L;Abarrotes;Aceites;Primor;59.9;44.2
46;Aceite Maíz 900 ml;Abarrotes;Aceites;Ideal;15.2;10.8
47;Aceite Oliva Extra Virgen;Abarrotes;Aceites;Borges;39.9;28.7
48;Aceite Vegetal 900 ml;Abarrotes;Aceites;Ideal;11.9;8.2
49;Aceite Girasol 5 L;Abarrotes;Aceites;Cocinero;63.9;47.6
50;Aceite Vegetal 2 L;Abarrotes;Aceites;Primor;24.9;18.1
51;Atún en Agua;Abarrotes;Conservas;Florida;7.9;5.1
52;Atún en Aceite;Abarrotes;Conservas;Campomar;8.2;5.4
53;Sardinas en Salsa;Abarrotes;Conservas;Florida;5.9;3.8
54;Duraznos en Almíbar;Abarrotes;Conservas;Athos;10.9;7.3
55;Choclo en Conserva;Abarrotes;Conservas;Gloria;8.4;5.6
56;Arvejas en Conserva;Abarrotes;Conservas;Gloria;7.9;5.2
57;Champiñones Laminados;Abarrotes;Conservas;Valle Fértil;12.9;8.9
58;Frejoles en Conserva;Abarrotes;Conservas;Gloria;7.8;5.2
59;Coctel de Frutas;Abarrotes;Conservas;Athos;11.9;8.1
60;Espárragos Verdes;Abarrotes;Conservas;Danper;13.9;9.6
61;Lentejas 500 g;Abarrotes;Menestras;Costeño;5.6;3.6
62;Frejol Canario 500 g;Abarrotes;Menestras;Costeño;6.8;4.6
63;Garbanzo 500 g;Abarrotes;Menestras;Paisana;6.2;4.1
64;Pallares 500 g;Abarrotes;Menestras;Paisana;8.4;5.9
65;Frijol Negro 500 g;Abarrotes;Menestras;Costeño;6.1;4
66;Frejol Panamito;Abarrotes;Menestras;Tottus;6.4;4.3
67;Arveja Partida;Abarrotes;Menestras;Costeño;5.5;3.6
68;Quinua Blanca;Abarrotes;Menestras;Valle Andino;12.9;8.9
69;Quinua Roja;Abarrotes;Menestras;Valle Andino;13.5;9.2
70;Kiwicha;Abarrotes;Menestras;Andean Valley;11.9;8.1
71;Harina Preparada;Abarrotes;Harinas;Nicolini;5.4;3.5
72;Harina sin Preparar;Abarrotes;Harinas;Nicolini;4.9;3.1
73;Harina Integral;Abarrotes;Harinas;Blanca Flor;6.2;4.2
74;Harina de Maíz;Abarrotes;Harinas;Blanca Flor;7.4;5
75;Harina de Avena;Abarrotes;Harinas;Quaker;8.9;6.2
76;Harina de Quinua;Abarrotes;Harinas;Andean Valley;12.9;8.8
77;Harina de Arroz;Abarrotes;Harinas;Valle Andino;9.5;6.4
78;Harina Repostera;Abarrotes;Harinas;Nicolini;5.9;3.9
79;Harina Multigrano;Abarrotes;Harinas;Quaker;10.9;7.5
80;Harina para Pizza;Abarrotes;Harinas;Blanca Flor;6.9;4.6
81;Ketchup 500 g;Abarrotes;Salsas y Condimentos;Alacena;8.9;6.1
82;Mayonesa 475 g;Abarrotes;Salsas y Condimentos;Alacena;10.5;7.2
83;Mostaza 250 g;Abarrotes;Salsas y Condimentos;Alacena;6.2;4.1
84;Sillao 500 ml;Abarrotes;Salsas y Condimentos;Kikko;9.9;6.8
85;Salsa de Tomate;Abarrotes;Salsas y Condimentos;Hunt's;8.2;5.5
86;Ají Amarillo Pasta;Abarrotes;Salsas y Condimentos;Alacena;7.5;5.1
87;Vinagre Blanco;Abarrotes;Salsas y Condimentos;Tibaldi;5.9;3.8
88;Orégano Molido;Abarrotes;Salsas y Condimentos;Badía;6.9;4.7
89;Pimienta Negra;Abarrotes;Salsas y Condimentos;Badía;8.9;6.2
90;Comino Molido;Abarrotes;Salsas y Condimentos;Badía;6.5;4.4
91;Páprika;Abarrotes;Salsas y Condimentos;Badía;7.2;4.9
92;Ajo en Polvo;Abarrotes;Salsas y Condimentos;Badía;8.1;5.6
93;Caldo de Pollo;Abarrotes;Salsas y Condimentos;Maggi;4.5;2.9
94;Caldo de Carne;Abarrotes;Salsas y Condimentos;Maggi;4.5;2.9
95;Salsa BBQ;Abarrotes;Salsas y Condimentos;Hunt's;12.9;8.8
96;Salsa Inglesa;Abarrotes;Salsas y Condimentos;Lea & Perrins;16.9;11.9
97;Salsa Picante;Abarrotes;Salsas y Condimentos;Tabasco;18.9;13.6
98;Ají Panca Pasta;Abarrotes;Salsas y Condimentos;Alacena;7.9;5.3
99;Sal de Mesa 1 kg;Abarrotes;Salsas y Condimentos;EMSAL;3.2;1.9
100;Sal Rosada 500 g;Abarrotes;Salsas y Condimentos;Badía;9.9;6.8
101;Agua Sin Gas 625 ml;Bebidas;Agua;San Luis;2.20;1.20
102;Agua Sin Gas 2.5 L;Bebidas;Agua;San Luis;5.90;3.40
103;Agua Mineral 625 ml;Bebidas;Agua;Cielo;2.30;1.30
104;Agua Mineral 2.5 L;Bebidas;Agua;Cielo;6.10;3.60
105;Agua Alcalina 650 ml;Bebidas;Agua;Loa;3.90;2.40
106;Agua Gasificada 500 ml;Bebidas;Agua;San Mateo;2.90;1.70
107;Agua Sabor Limón 625 ml;Bebidas;Agua;Cielo;2.80;1.60
108;Agua Sabor Manzana 625 ml;Bebidas;Agua;San Luis;2.80;1.60
109;Coca-Cola Original 500 ml;Bebidas;Gaseosas;Coca-Cola;3.80;2.30
110;Coca-Cola Original 1.5 L;Bebidas;Gaseosas;Coca-Cola;8.90;5.70
111;Coca-Cola Sin Azúcar 500 ml;Bebidas;Gaseosas;Coca-Cola;3.80;2.30
112;Inca Kola 500 ml;Bebidas;Gaseosas;Inca Kola;3.80;2.30
113;Inca Kola 1.5 L;Bebidas;Gaseosas;Inca Kola;8.90;5.70
114;Sprite 500 ml;Bebidas;Gaseosas;Sprite;3.60;2.20
115;Fanta Naranja 500 ml;Bebidas;Gaseosas;Fanta;3.60;2.20
116;Pepsi 500 ml;Bebidas;Gaseosas;Pepsi;3.50;2.10
117;Seven Up 500 ml;Bebidas;Gaseosas;7UP;3.50;2.10
118;Guaraná 500 ml;Bebidas;Gaseosas;Guaraná;3.40;2.00
119;Jugo de Naranja 1 L;Bebidas;Jugos;Frugos;8.90;5.60
120;Jugo de Durazno 1 L;Bebidas;Jugos;Frugos;8.90;5.60
121;Jugo de Piña 1 L;Bebidas;Jugos;Pulp;9.20;5.90
122;Jugo de Manzana 1 L;Bebidas;Jugos;Watts;9.50;6.10
123;Néctar de Mango 1 L;Bebidas;Jugos;Frugos;8.70;5.50
124;Jugo Multifrutas 1 L;Bebidas;Jugos;Pulp;9.50;6.10
125;Jugo de Uva 1 L;Bebidas;Jugos;Watts;9.80;6.30
126;Jugo de Arándanos 1 L;Bebidas;Jugos;Ocean Spray;15.90;11.20
127;Café Instantáneo 200 g;Bebidas;Café y Té;Nescafé;23.90;16.50
128;Café Instantáneo 100 g;Bebidas;Café y Té;Altomayo;15.90;10.80
129;Café Molido 250 g;Bebidas;Café y Té;Altomayo;18.90;13.20
130;Té Verde 25 sobres;Bebidas;Café y Té;Té Herbi;8.90;5.90
131;Té de Manzanilla 25 sobres;Bebidas;Café y Té;Hornimans;7.90;5.10
132;Té de Hierbaluisa 25 sobres;Bebidas;Café y Té;Hornimans;7.90;5.10
133;Té Inglés 100 bolsas;Bebidas;Café y Té;Twins;19.90;13.80
134;Chocolate Instantáneo 400 g;Bebidas;Café y Té;Winter's;14.90;10.10
135;Red Bull 250 ml;Bebidas;Bebidas Energéticas e Isotónicas;Red Bull;8.90;6.30
136;Monster Energy 473 ml;Bebidas;Bebidas Energéticas e Isotónicas;Monster;10.90;7.80
137;Volt 300 ml;Bebidas;Bebidas Energéticas e Isotónicas;Volt;4.90;3.10
138;Gatorade Naranja 500 ml;Bebidas;Bebidas Energéticas e Isotónicas;Gatorade;4.90;3.10
139;Powerade Mora 500 ml;Bebidas;Bebidas Energéticas e Isotónicas;Powerade;4.90;3.10
140;Leche Entera 1 L;Lácteos;Leche;Gloria;6.20;4.10
141;Leche Evaporada;Lácteos;Leche;Gloria;4.50;2.90
142;Leche Evaporada;Lácteos;Leche;Bonlé;4.50;2.90
143;Leche Descremada 1 L;Lácteos;Leche;Laive;6.50;4.30
144;Leche Sin Lactosa 1 L;Lácteos;Leche;Laive;7.20;4.90
145;Leche Entera 1 L;Lácteos;Leche;Bonlé;6.20;4.10
146;Leche Chocolatada 1 L;Lácteos;Leche;Gloria;8.50;5.90
147;Leche UHT Entera 1 L;Lácteos;Leche;Laive;6.80;4.60
148;Leche Evaporada Light;Lácteos;Leche;Gloria;4.70;3.00
149;Leche Fresca 1 L;Lácteos;Leche;Laive;7.90;5.50
150;Yogurt Fresa 1 kg;Lácteos;Yogurt;Gloria;9.90;6.80
151;Yogurt Vainilla 1 kg;Lácteos;Yogurt;Gloria;9.90;6.80
152;Yogurt Durazno 1 kg;Lácteos;Yogurt;Laive;10.20;7.10
153;Yogurt Griego Natural;Lácteos;Yogurt;Laive;13.90;9.80
154;Yogurt Griego Fresa;Lácteos;Yogurt;Laive;14.20;10.10
155;Yogurt Bebible Fresa;Lácteos;Yogurt;Gloria;4.50;2.90
156;Yogurt Bebible Vainilla;Lácteos;Yogurt;Gloria;4.50;2.90
157;Queso Edam 250 g;Lácteos;Quesos;Bonlé;14.90;10.20
158;Queso Fresco 500 g;Lácteos;Quesos;Gloria;16.90;11.80
159;Queso Mozzarella 500 g;Lácteos;Quesos;Bonlé;19.90;14.10
160;Queso Parmesano 200 g;Lácteos;Quesos;Laive;17.90;12.60
161;Queso Gouda 250 g;Lácteos;Quesos;Bonlé;15.90;11.10
162;Queso Andino 500 g;Lácteos;Quesos;Laive;18.90;13.40
163;Queso Crema 200 g;Lácteos;Quesos;Philadelphia;12.90;9.10
164;Mantequilla con Sal 200 g;Lácteos;Mantequilla y Margarina;Gloria;11.90;8.20
165;Mantequilla sin Sal 200 g;Lácteos;Mantequilla y Margarina;Laive;12.50;8.70
166;Margarina 450 g;Lácteos;Mantequilla y Margarina;Doral;8.90;5.90
167;Margarina Light 450 g;Lácteos;Mantequilla y Margarina;Doral;9.50;6.30
168;Mantequilla Premium 250 g;Lácteos;Mantequilla y Margarina;Anchor;18.90;13.60
169;Margarina Familiar 900 g;Lácteos;Mantequilla y Margarina;Doral;14.90;10.50
170;Manzana Roja 1 kg;Frutas y Verduras;Frutas;Campo Fresco;6.9;4.6
171;Manzana Verde 1 kg;Frutas y Verduras;Frutas;Campo Fresco;7.2;4.9
172;Plátano de Seda 1 kg;Frutas y Verduras;Frutas;Campo Fresco;4.5;2.9
173;Plátano Bellaco 1 kg;Frutas y Verduras;Frutas;Campo Fresco;4.9;3.2
174;Naranja Valencia 1 kg;Frutas y Verduras;Frutas;Campo Fresco;5.9;3.8
175;Mandarina 1 kg;Frutas y Verduras;Frutas;Campo Fresco;6.5;4.2
176;Papaya 1 kg;Frutas y Verduras;Frutas;Campo Fresco;5.2;3.4
177;Piña Golden Unidad;Frutas y Verduras;Frutas;Campo Fresco;8.9;6.1
178;Palta Hass 1 kg;Frutas y Verduras;Frutas;Campo Fresco;12.9;9.1
179;Fresa 500 g;Frutas y Verduras;Frutas;Campo Fresco;9.9;6.9
180;Uva Red Globe 1 kg;Frutas y Verduras;Frutas;Campo Fresco;11.9;8.3
181;Mango Kent 1 kg;Frutas y Verduras;Frutas;Campo Fresco;8.9;6.1
182;Sandía 1 kg;Frutas y Verduras;Frutas;Campo Fresco;2.9;1.7
183;Melón 1 kg;Frutas y Verduras;Frutas;Campo Fresco;4.2;2.6
184;Pera Packham 1 kg;Frutas y Verduras;Frutas;Campo Fresco;7.9;5.4
185;Kiwi 500 g;Frutas y Verduras;Frutas;Campo Fresco;12.9;9.2
186;Arándanos 250 g;Frutas y Verduras;Frutas;Campo Fresco;14.9;10.8
187;Limón 1 kg;Frutas y Verduras;Frutas;Campo Fresco;5.4;3.5
188;Tomate Italiano 1 kg;Frutas y Verduras;Verduras;Campo Fresco;4.9;3.1
189;Cebolla Roja 1 kg;Frutas y Verduras;Verduras;Campo Fresco;3.9;2.4
190;Lechuga Americana Unidad;Frutas y Verduras;Verduras;Campo Fresco;3.5;2.2
191;Espinaca 300 g;Frutas y Verduras;Verduras;Campo Fresco;4.5;2.9
192;Brócoli Unidad;Frutas y Verduras;Verduras;Campo Fresco;5.9;3.9
193;Coliflor Unidad;Frutas y Verduras;Verduras;Campo Fresco;6.2;4.1
194;Pepino 1 kg;Frutas y Verduras;Verduras;Campo Fresco;4.9;3.2
195;Pimiento Rojo 1 kg;Frutas y Verduras;Verduras;Campo Fresco;8.9;6.2
196;Zanahoria 1 kg;Frutas y Verduras;Verduras;Campo Fresco;3.9;2.4
197;Zapallito Italiano 1 kg;Frutas y Verduras;Verduras;Campo Fresco;4.5;2.9
198;Ají Amarillo 250 g;Frutas y Verduras;Verduras;Campo Fresco;4.9;3.2
199;Apio Unidad;Frutas y Verduras;Verduras;Campo Fresco;3.9;2.5
200;Vainita 500 g;Frutas y Verduras;Verduras;Campo Fresco;5.9;4
201;Papa Blanca 1 kg;Frutas y Verduras;Tubérculos;Campo Fresco;3.2;1.9
202;Papa Amarilla 1 kg;Frutas y Verduras;Tubérculos;Campo Fresco;4.2;2.7
203;Camote Amarillo 1 kg;Frutas y Verduras;Tubérculos;Campo Fresco;3.9;2.4
204;Yuca 1 kg;Frutas y Verduras;Tubérculos;Campo Fresco;4.9;3.1
205;Olluco 1 kg;Frutas y Verduras;Tubérculos;Campo Fresco;5.2;3.4
206;Mashua 1 kg;Frutas y Verduras;Tubérculos;Campo Fresco;6.5;4.4
207;Oca 1 kg;Frutas y Verduras;Tubérculos;Campo Fresco;5.9;3.9
208;Jengibre 250 g;Frutas y Verduras;Tubérculos;Campo Fresco;4.5;2.9
209;Pechuga de Pollo 1 kg;Carnes y Aves;Pollo;San Fernando;21.9;16.4
210;Pierna de Pollo 1 kg;Carnes y Aves;Pollo;San Fernando;15.9;11.6
211;Muslo de Pollo 1 kg;Carnes y Aves;Pollo;Redondos;16.5;12.1
212;Alitas de Pollo 1 kg;Carnes y Aves;Pollo;Redondos;15.5;11.2
213;Pollo Entero;Carnes y Aves;Pollo;San Fernando;14.9;10.8
214;Filete de Pollo 1 kg;Carnes y Aves;Pollo;San Fernando;23.9;18.1
215;Mollejas de Pollo 1 kg;Carnes y Aves;Pollo;Redondos;10.9;7.6
216;Hígado de Pollo 1 kg;Carnes y Aves;Pollo;San Fernando;9.9;6.8
217;Bistec de Res 1 kg;Carnes y Aves;Res;La Segoviana;39.9;31.2
218;Lomo Fino 1 kg;Carnes y Aves;Res;La Segoviana;69.9;55.8
219;Asado de Tira 1 kg;Carnes y Aves;Res;La Segoviana;38.9;30.3
220;Carne Molida Especial 1 kg;Carnes y Aves;Res;La Segoviana;32.9;25.2
221;Punta de Pecho 1 kg;Carnes y Aves;Res;La Segoviana;31.9;24.2
222;Peceto 1 kg;Carnes y Aves;Res;La Segoviana;42.9;33.4
223;Bife Angosto 1 kg;Carnes y Aves;Res;La Segoviana;49.9;39.2
224;Entraña 1 kg;Carnes y Aves;Res;La Segoviana;52.9;41.6
225;Chuleta de Cerdo 1 kg;Carnes y Aves;Cerdo;Otto Kunz;28.9;22.1
226;Lomo de Cerdo 1 kg;Carnes y Aves;Cerdo;Otto Kunz;32.9;25.4
227;Costilla de Cerdo 1 kg;Carnes y Aves;Cerdo;Otto Kunz;29.9;22.8
228;Pierna de Cerdo 1 kg;Carnes y Aves;Cerdo;Otto Kunz;27.9;21.1
229;Panceta de Cerdo 1 kg;Carnes y Aves;Cerdo;Otto Kunz;30.9;23.7
230;Chuleta Ahumada 1 kg;Carnes y Aves;Cerdo;Otto Kunz;34.9;27.2
231;Jamón Inglés 200 g;Carnes y Aves;Embutidos;Otto Kunz;9.9;6.9
232;Jamón de Pavo 200 g;Carnes y Aves;Embutidos;San Fernando;10.9;7.7
233;Hot Dog Clásico 250 g;Carnes y Aves;Embutidos;Otto Kunz;7.9;5.3
234;Salchicha Parrillera 500 g;Carnes y Aves;Embutidos;Otto Kunz;15.9;11.4
235;Chorizo Parrillero 500 g;Carnes y Aves;Embutidos;Braedt;18.9;13.9
236;Mortadela Familiar 500 g;Carnes y Aves;Embutidos;Braedt;9.9;6.9
237;Salame 200 g;Carnes y Aves;Embutidos;Braedt;14.9;10.9
238;Papas Lays Clásicas 45 g;Snacks y Dulces;Papas Fritas y Snacks;Lays;3.5;2.2
239;Papas Lays Familiar 150 g;Snacks y Dulces;Papas Fritas y Snacks;Lays;9.9;6.8
240;Doritos Queso 150 g;Snacks y Dulces;Papas Fritas y Snacks;Doritos;10.5;7.2
241;Chizitos 150 g;Snacks y Dulces;Papas Fritas y Snacks;Karinto;6.9;4.6
242;Piqueo Snax 200 g;Snacks y Dulces;Papas Fritas y Snacks;Karinto;8.9;6
243;Pringles Original 110 g;Snacks y Dulces;Papas Fritas y Snacks;Pringles;11.9;8.5
244;Maní Salado 200 g;Snacks y Dulces;Papas Fritas y Snacks;Karinto;5.9;3.9
245;Mix de Frutos Secos 200 g;Snacks y Dulces;Papas Fritas y Snacks;Villa Natura;14.9;10.8
246;Canchita Salada 100 g;Snacks y Dulces;Papas Fritas y Snacks;Karinto;4.5;2.9
247;Nachos Naturales 200 g;Snacks y Dulces;Papas Fritas y Snacks;Doritos;12.9;9.2
248;Chocolate Sublime;Snacks y Dulces;Chocolates;Nestlé;2.5;1.5
249;Chocolate Triángulo;Snacks y Dulces;Chocolates;Winter's;2.2;1.3
250;Chocolate Princesa;Snacks y Dulces;Chocolates;Nestlé;2.5;1.5
251;Chocolate Costa Leche;Snacks y Dulces;Chocolates;Costa;4.5;2.9
252;Chocolate Hershey's Milk;Snacks y Dulces;Chocolates;Hershey's;6.9;4.7
253;Chocolate KitKat 4 Fingers;Snacks y Dulces;Chocolates;Nestlé;4.2;2.8
254;Chocolate Snickers;Snacks y Dulces;Chocolates;Snickers;4.5;3
255;Chocolate Milkybar;Snacks y Dulces;Chocolates;Nestlé;3.9;2.6
256;Chocolate Vizzio Almendras;Snacks y Dulces;Chocolates;Costa;8.9;6.2
257;Chocolate Ferrero Rocher 8 u;Snacks y Dulces;Chocolates;Ferrero;24.9;18.5
258;Galletas Casino Vainilla;Snacks y Dulces;Galletas Dulces;Field;2.5;1.5
259;Galletas Casino Chocolate;Snacks y Dulces;Galletas Dulces;Field;2.5;1.5
260;Galletas Oreo Original;Snacks y Dulces;Galletas Dulces;Oreo;3.2;2
261;Galletas Oreo Doble Crema;Snacks y Dulces;Galletas Dulces;Oreo;3.5;2.2
262;Galletas Pícaras;Snacks y Dulces;Galletas Dulces;Nestlé;3.2;2
263;Galletas Charada;Snacks y Dulces;Galletas Dulces;Field;2.9;1.8
264;Galletas Soda Field;Snacks y Dulces;Galletas Dulces;Field;3.5;2.3
265;Galletas Integrales;Snacks y Dulces;Galletas Dulces;McKay;5.9;4.1
266;Galletas Chips Ahoy!;Snacks y Dulces;Galletas Dulces;Nabisco;6.9;4.8
267;Galletas Morochas;Snacks y Dulces;Galletas Dulces;Nestlé;2.9;1.8
268;Caramelos Halls Menta;Snacks y Dulces;Caramelos y Chicles;Halls;2.5;1.5
269;Caramelos Halls Cereza;Snacks y Dulces;Caramelos y Chicles;Halls;2.5;1.5
270;Chicles Trident Hierbabuena;Snacks y Dulces;Caramelos y Chicles;Trident;3.5;2.2
271;Chicles Trident Sandía;Snacks y Dulces;Caramelos y Chicles;Trident;3.5;2.2
272;Chicles Orbit Menta;Snacks y Dulces;Caramelos y Chicles;Orbit;3.9;2.5
273;Caramelos Mentos Frutas;Snacks y Dulces;Caramelos y Chicles;Mentos;3.5;2.2
274;Caramelos Ambrosoli Surtidos;Snacks y Dulces;Caramelos y Chicles;Ambrosoli;4.5;2.9
275;Gomitas Fini Ositos;Snacks y Dulces;Caramelos y Chicles;Fini;6.9;4.8
276;Gomitas Trululu Ácidos;Snacks y Dulces;Caramelos y Chicles;Trululu;5.9;4
277;Paletas Chupetín;Snacks y Dulces;Caramelos y Chicles;Ambrosoli;4.9;3.3
278;Detergente Bolívar 1 kg;Limpieza;Detergentes;Bolívar;11.9;8.1
279;Detergente Ariel 1 kg;Limpieza;Detergentes;Ariel;15.9;11.4
280;Detergente Ace 800 g;Limpieza;Detergentes;Ace;10.9;7.4
281;Detergente Sapolio 900 g;Limpieza;Detergentes;Sapolio;9.9;6.7
282;Detergente Opal 1 kg;Limpieza;Detergentes;Opal;8.9;5.9
283;Detergente Bolívar 3 kg;Limpieza;Detergentes;Bolívar;32.9;24.8
284;Detergente Ariel Pods 15 u;Limpieza;Detergentes;Ariel;39.9;30.2
285;Detergente Líquido Ariel 2 L;Limpieza;Detergentes;Ariel;34.9;25.9
286;Detergente Líquido Bolívar 2 L;Limpieza;Detergentes;Bolívar;28.9;20.8
287;Suavizante Downy 1 L;Limpieza;Detergentes;Downy;16.9;12.2
288;Lavavajillas Ayudín 500 ml;Limpieza;Lavavajillas;Ayudín;6.5;4.2
289;Lavavajillas Sapolio Limón;Limpieza;Lavavajillas;Sapolio;5.9;3.8
290;Lavavajillas Magistral 650 ml;Limpieza;Lavavajillas;Magistral;7.2;4.8
291;Lavavajillas Ayudín Repuesto;Limpieza;Lavavajillas;Ayudín;5.9;3.9
292;Esponja Multiuso;Limpieza;Lavavajillas;3M;4.5;2.9
293;Esponja Antibacterial;Limpieza;Lavavajillas;Scotch-Brite;5.9;3.9
294;Guantes de Limpieza M;Limpieza;Lavavajillas;Virutex;8.9;6.1
295;Guantes de Limpieza L;Limpieza;Lavavajillas;Virutex;8.9;6.1
296;Paño Microfibra;Limpieza;Lavavajillas;Virutex;6.9;4.6
297;Escobilla para Vasos;Limpieza;Lavavajillas;Virutex;7.9;5.3
298;Lejía Ayudín 2 L;Limpieza;Desinfectantes;Ayudín;7.9;5.2
299;Lejía Clorox 2 L;Limpieza;Desinfectantes;Clorox;8.9;5.9
300;Desinfectante Poett Lavanda;Limpieza;Desinfectantes;Poett;9.9;6.8
301;Desinfectante Poett Floral;Limpieza;Desinfectantes;Poett;9.9;6.8
302;Alcohol 70% 1 L;Limpieza;Desinfectantes;Suiza Lab;14.9;10.8
303;Limpiador Antibacterial;Limpieza;Desinfectantes;Lysol;18.9;13.9
304;Desinfectante Multiuso;Limpieza;Desinfectantes;Mr. Músculo;12.9;9.2
305;Cloro Gel;Limpieza;Desinfectantes;Ayudín;8.9;6
306;Desinfectante Cítrico;Limpieza;Desinfectantes;Poett;10.5;7.2
307;Toallas Desinfectantes 80 u;Limpieza;Desinfectantes;Lysol;19.9;14.8
308;Limpiavidrios 500 ml;Limpieza;Limpiadores Multiuso;Mr. Músculo;10.9;7.6
309;Limpiador Multiuso Lavanda;Limpieza;Limpiadores Multiuso;Sapolio;8.9;6
310;Limpiador Multiuso Limón;Limpieza;Limpiadores Multiuso;Sapolio;8.9;6
311;Limpiador de Baño;Limpieza;Limpiadores Multiuso;Mr. Músculo;11.9;8.4
312;Limpiador de Cocina;Limpieza;Limpiadores Multiuso;Cif;12.9;9.1
313;Crema Limpiadora;Limpieza;Limpiadores Multiuso;Cif;9.9;6.8
314;Limpiador para Pisos;Limpieza;Limpiadores Multiuso;Poett;10.9;7.6
315;Lustramuebles;Limpieza;Limpiadores Multiuso;Blem;15.9;11.4
316;Quitagrasa Cocina;Limpieza;Limpiadores Multiuso;Cif;12.9;9.1
317;Limpiador de Acero Inoxidable;Limpieza;Limpiadores Multiuso;3M;17.9;13.1
318;Papel Higiénico Elite 12 rollos;Limpieza;Papel Higiénico y Papel Toalla;Elite;22.9;16.8
319;Papel Higiénico Suave 12 rollos;Limpieza;Papel Higiénico y Papel Toalla;Suave;19.9;14.2
320;Papel Higiénico Noble 12 rollos;Limpieza;Papel Higiénico y Papel Toalla;Noble;21.9;15.8
321;Papel Toalla Elite 2 rollos;Limpieza;Papel Higiénico y Papel Toalla;Elite;10.9;7.5
322;Papel Toalla Scott;Limpieza;Papel Higiénico y Papel Toalla;Scott;11.9;8.2
323;Servilletas Elite 200 hojas;Limpieza;Papel Higiénico y Papel Toalla;Elite;7.9;5.3
324;Servilletas Scott 200 hojas;Limpieza;Papel Higiénico y Papel Toalla;Scott;8.2;5.6
325;Pañuelos Faciales Elite;Limpieza;Papel Higiénico y Papel Toalla;Elite;6.9;4.6
326;Pañuelos Faciales Scott;Limpieza;Papel Higiénico y Papel Toalla;Scott;7.2;4.9
327;Papel Higiénico Premium 24 rollos;Limpieza;Papel Higiénico y Papel Toalla;Elite;39.9;30.1
328;Shampoo Nutrición 400 ml;Cuidado Personal;Shampoo y Acondicionador;Head & Shoulders;18.9;13.6
329;Shampoo Anticaspa 400 ml;Cuidado Personal;Shampoo y Acondicionador;Head & Shoulders;19.9;14.3
330;Shampoo Hidratación 650 ml;Cuidado Personal;Shampoo y Acondicionador;Pantene;24.9;18.2
331;Shampoo Restauración 650 ml;Cuidado Personal;Shampoo y Acondicionador;Pantene;24.9;18.2
332;Shampoo Reparación 400 ml;Cuidado Personal;Shampoo y Acondicionador;Sedal;16.9;11.9
333;Acondicionador Reparación 400 ml;Cuidado Personal;Shampoo y Acondicionador;Sedal;16.9;11.9
334;Shampoo Natural 400 ml;Cuidado Personal;Shampoo y Acondicionador;Dove;18.9;13.4
335;Acondicionador Nutrición 400 ml;Cuidado Personal;Shampoo y Acondicionador;Dove;18.9;13.4
336;Shampoo Niño 400 ml;Cuidado Personal;Shampoo y Acondicionador;Johnson's;17.9;12.6
337;Shampoo Aloe Vera 750 ml;Cuidado Personal;Shampoo y Acondicionador;Herbal Essences;29.9;22.1
338;Shampoo Coco 750 ml;Cuidado Personal;Shampoo y Acondicionador;Herbal Essences;29.9;22.1
339;Shampoo Micelar 400 ml;Cuidado Personal;Shampoo y Acondicionador;Pantene;22.9;16.6
340;Shampoo Men 400 ml;Cuidado Personal;Shampoo y Acondicionador;Head & Shoulders;20.9;15.1
341;Shampoo Hidratante 900 ml;Cuidado Personal;Shampoo y Acondicionador;Sedal;31.9;23.8
342;Shampoo Control Caída 400 ml;Cuidado Personal;Shampoo y Acondicionador;Dove;21.9;15.9
343;Jabón Tocador Original;Cuidado Personal;Jabones;Palmolive;3.5;2.2
344;Jabón Avena;Cuidado Personal;Jabones;Dove;4.5;2.9
345;Jabón Antibacterial;Cuidado Personal;Jabones;Protex;4.9;3.2
346;Jabón Humectante;Cuidado Personal;Jabones;Nivea;4.9;3.2
347;Jabón Glicerina;Cuidado Personal;Jabones;Moncler;3.9;2.5
348;Jabón Líquido 250 ml;Cuidado Personal;Jabones;Dove;11.9;8.4
349;Jabón Líquido Antibacterial;Cuidado Personal;Jabones;Protex;12.9;9.2
350;Jabón Bebé;Cuidado Personal;Jabones;Johnson's;5.9;3.9
351;Jabón Carbón Activado;Cuidado Personal;Jabones;Nivea;6.9;4.8
352;Jabón Exfoliante;Cuidado Personal;Jabones;Dove;5.9;4.1
353;Pasta Dental Triple Acción;Cuidado Personal;Higiene Bucal;Colgate;8.9;6.2
354;Pasta Dental Luminous White;Cuidado Personal;Higiene Bucal;Colgate;14.9;10.8
355;Pasta Dental Protección Completa;Cuidado Personal;Higiene Bucal;Oral-B;10.9;7.7
356;Cepillo Dental Suave;Cuidado Personal;Higiene Bucal;Oral-B;8.9;6.1
357;Cepillo Dental Medio;Cuidado Personal;Higiene Bucal;Colgate;7.9;5.4
358;Enjuague Bucal 500 ml;Cuidado Personal;Higiene Bucal;Listerine;18.9;13.6
359;Hilo Dental;Cuidado Personal;Higiene Bucal;Oral-B;9.9;6.9
360;Cepillo Dental Infantil;Cuidado Personal;Higiene Bucal;Colgate;6.9;4.6
361;Pasta Dental Infantil;Cuidado Personal;Higiene Bucal;Colgate;8.9;6.2
362;Cepillo Eléctrico;Cuidado Personal;Higiene Bucal;Oral-B;69.9;54.2
363;Desodorante Aerosol Men;Cuidado Personal;Desodorantes;Nivea;16.9;12.1
364;Desodorante Aerosol Women;Cuidado Personal;Desodorantes;Nivea;16.9;12.1
365;Desodorante Roll-On;Cuidado Personal;Desodorantes;Dove;13.9;9.9
366;Desodorante Barra;Cuidado Personal;Desodorantes;Old Spice;17.9;12.9
367;Desodorante Clínico;Cuidado Personal;Desodorantes;Secret;24.9;18.6
368;Desodorante Spray Axe;Cuidado Personal;Desodorantes;Axe;18.9;13.6
369;Desodorante Dove Men;Cuidado Personal;Desodorantes;Dove;17.9;12.8
370;Desodorante Rexona Clinical;Cuidado Personal;Desodorantes;Rexona;25.9;19.4
371;Máquina de Afeitar Desechable;Cuidado Personal;Afeitado;Gillette;12.9;9.1
372;Máquina Mach3;Cuidado Personal;Afeitado;Gillette;39.9;30.1
373;Cartuchos Mach3 x2;Cuidado Personal;Afeitado;Gillette;42.9;32.5
374;Espuma de Afeitar;Cuidado Personal;Afeitado;Gillette;18.9;13.6
375;Gel de Afeitar;Cuidado Personal;Afeitado;Nivea Men;19.9;14.3
376;After Shave;Cuidado Personal;Afeitado;Gillette;24.9;18.2
377;Brocha de Afeitar;Cuidado Personal;Afeitado;Wilkinson;16.9;12.1
378;Pizza Suprema Familiar;Congelados;Pizzas y Comidas Preparadas;Dr. Oetker;24.9;18.3
379;Pizza Pepperoni Familiar;Congelados;Pizzas y Comidas Preparadas;Dr. Oetker;24.9;18.3
380;Pizza Hawaiana;Congelados;Pizzas y Comidas Preparadas;Casa Europa;22.9;16.7
381;Lasaña Boloñesa;Congelados;Pizzas y Comidas Preparadas;Casa Europa;18.9;13.8
382;Nuggets de Pollo 500 g;Congelados;Pizzas y Comidas Preparadas;San Fernando;19.9;14.6
383;Hamburguesas de Res x4;Congelados;Pizzas y Comidas Preparadas;Otto Kunz;22.9;16.8
384;Croquetas de Pollo;Congelados;Pizzas y Comidas Preparadas;Redondos;18.9;13.7
385;Empanadas Congeladas x6;Congelados;Pizzas y Comidas Preparadas;Casa Europa;16.9;12.2
386;Pechuga de Pollo Congelada;Congelados;Carnes Congeladas;San Fernando;22.9;17.1
387;Muslo de Pollo Congelado;Congelados;Carnes Congeladas;Redondos;17.9;13.1
388;Hamburguesa de Pollo;Congelados;Carnes Congeladas;San Fernando;18.9;13.8
389;Filete de Merluza;Congelados;Carnes Congeladas;Pescanova;26.9;20.3
390;Langostinos 500 g;Congelados;Carnes Congeladas;Pescanova;39.9;30.8
391;Mix de Mariscos;Congelados;Carnes Congeladas;Pescanova;34.9;26.6
392;Brócoli Congelado;Congelados;Verduras Congeladas;Frío Campo;11.9;8.4
393;Mix de Verduras;Congelados;Verduras Congeladas;Frío Campo;12.9;9.1
394;Arvejas Congeladas;Congelados;Verduras Congeladas;Frío Campo;9.9;6.9
395;Choclo Desgranado;Congelados;Verduras Congeladas;Frío Campo;10.9;7.6
396;Espinaca Congelada;Congelados;Verduras Congeladas;Frío Campo;10.9;7.6
397;Helado D'Onofrio 1 L;Congelados;Helados;D'Onofrio;19.9;14.8
398;Helado Sublime 1 L;Congelados;Helados;D'Onofrio;21.9;16.4
399;Helado Frutado 1 L;Congelados;Helados;Lamborgini;17.9;13.1
400;Paletas Frutales x6;Congelados;Helados;D'Onofrio;15.9;11.5
401;Bombones Helados x8;Congelados;Helados;D'Onofrio;24.9;18.6
402;Pañales Recién Nacido x36;Bebés;Pañales;Pampers;39.9;29.8
403;Pañales Etapa 1 x48;Bebés;Pañales;Huggies;45.9;34.7
404;Pañales Etapa 2 x60;Bebés;Pañales;Pampers;58.9;44.8
405;Pañales Etapa 3 x64;Bebés;Pañales;Huggies;62.9;47.9
406;Pañales Etapa 4 x60;Bebés;Pañales;Pampers;64.9;49.5
407;Pañales Pants x52;Bebés;Pañales;Huggies;69.9;53.6
408;Pañales Premium Care x42;Bebés;Pañales;Pampers;72.9;56.1
409;Pañales Recién Nacido Premium;Bebés;Pañales;Huggies;44.9;33.8
410;Toallitas Húmedas x100;Bebés;Toallitas Húmedas;Huggies;12.9;9.1
411;Toallitas Húmedas Aloe x100;Bebés;Toallitas Húmedas;Pampers;13.9;9.9
412;Toallitas Húmedas x200;Bebés;Toallitas Húmedas;Huggies;21.9;16.1
413;Toallitas Recién Nacido;Bebés;Toallitas Húmedas;Johnson's;15.9;11.4
414;Toallitas Antibacteriales;Bebés;Toallitas Húmedas;Johnson's;14.9;10.7
415;Fórmula Etapa 1 800 g;Bebés;Fórmulas Infantiles;NAN;89.9;71.4
416;Fórmula Etapa 2 800 g;Bebés;Fórmulas Infantiles;NAN;89.9;71.4
417;Fórmula Etapa 3 800 g;Bebés;Fórmulas Infantiles;Nestogeno;69.9;54.2
418;Fórmula Comfort 800 g;Bebés;Fórmulas Infantiles;Enfamil;109.9;88.1
419;Biberón 125 ml;Bebés;Accesorios para Bebé;Avent;29.9;22.1
420;Biberón 260 ml;Bebés;Accesorios para Bebé;Avent;36.9;27.5
421;Chupón Ortodóntico;Bebés;Accesorios para Bebé;Philips Avent;19.9;14.6
422;Cepillo para Biberón;Bebés;Accesorios para Bebé;Nuk;16.9;12.2
423;Babero Impermeable;Bebés;Accesorios para Bebé;Infanti;14.9;10.6
424;Vaso Entrenador 250 ml;Bebés;Accesorios para Bebé;Nuk;24.9;18.4
425;Set de Cubiertos Infantil;Bebés;Accesorios para Bebé;Infanti;18.9;13.8
426;Traba de Seguridad Multiuso;Bebés;Accesorios para Bebé;Safety 1st;15.9;11.4
427;Alimento para Perro Adulto 1 kg;Mascotas;Alimento para Perros;Ricocan;12.9;8.9
428;Alimento para Perro Adulto 8 kg;Mascotas;Alimento para Perros;Ricocan;79.9;61.5
429;Alimento para Cachorro 3 kg;Mascotas;Alimento para Perros;Dog Chow;52.9;40.8
430;Alimento para Perro Adulto 15 kg;Mascotas;Alimento para Perros;Dog Chow;149.9;118.4
431;Alimento Premium Razas Pequeñas;Mascotas;Alimento para Perros;Pro Plan;179.9;142.8
432;Alimento Premium Razas Grandes;Mascotas;Alimento para Perros;Pro Plan;184.9;147.1
433;Alimento Húmedo Carne;Mascotas;Alimento para Perros;Pedigree;8.9;5.9
434;Alimento Húmedo Pollo;Mascotas;Alimento para Perros;Pedigree;8.9;5.9
435;Snacks Dentales;Mascotas;Alimento para Perros;Pedigree;14.9;10.5
436;Galletas para Perro;Mascotas;Alimento para Perros;Ricocan;12.9;8.9
437;Alimento para Gato Adulto 1 kg;Mascotas;Alimento para Gatos;Whiskas;16.9;11.8
438;Alimento para Gato Adulto 8 kg;Mascotas;Alimento para Gatos;Whiskas;109.9;85.2
439;Alimento para Gatito 1 kg;Mascotas;Alimento para Gatos;Cat Chow;19.9;14.1
440;Alimento Premium Gatos;Mascotas;Alimento para Gatos;Pro Plan;89.9;70.6
441;Alimento Húmedo Atún;Mascotas;Alimento para Gatos;Felix;6.9;4.6
442;Alimento Húmedo Salmón;Mascotas;Alimento para Gatos;Felix;6.9;4.6
443;Snack Cremoso para Gatos;Mascotas;Alimento para Gatos;Ciao;12.9;9.1
444;Galletas para Gatos;Mascotas;Alimento para Gatos;Dreamies;11.9;8.3
445;Arena Aglomerante 5 kg;Mascotas;Arena Sanitaria;Mimaskot;24.9;18.8
446;Arena Sanitaria Lavanda;Mascotas;Arena Sanitaria;Mimaskot;27.9;21.2
447;Arena Premium 10 kg;Mascotas;Arena Sanitaria;Cat's Best;54.9;43.1
448;Arena Sanitaria Carbón Activo;Mascotas;Arena Sanitaria;Mimaskot;31.9;24.4
449;Correa Nylon;Mascotas;Accesorios para Mascotas;Trixie;19.9;14.2
450;Collar Ajustable;Mascotas;Accesorios para Mascotas;Trixie;16.9;11.9
451;Plato Acero Inoxidable;Mascotas;Accesorios para Mascotas;Trixie;22.9;16.8
452;Dispensador de Agua;Mascotas;Accesorios para Mascotas;Petmate;49.9;38.2
453;Cepillo para Mascotas;Mascotas;Accesorios para Mascotas;Furminator;34.9;26.8
454;Juguete Mordedor;Mascotas;Accesorios para Mascotas;Kong;29.9;22.7
455;Pelota de Goma;Mascotas;Accesorios para Mascotas;Kong;18.9;13.3
456;Transportadora Mediana;Mascotas;Accesorios para Mascotas;Petmate;119.9;95.4
457;Cama para Perro;Mascotas;Accesorios para Mascotas;Petmate;89.9;69.8
458;Cama para Gato;Mascotas;Accesorios para Mascotas;Petmate;69.9;53.4
459;Rascador para Gatos;Mascotas;Accesorios para Mascotas;Trixie;79.9;61.5
460;Shampoo para Perros;Mascotas;Accesorios para Mascotas;Pet Clean;21.9;15.7
461;Shampoo para Gatos;Mascotas;Accesorios para Mascotas;Pet Clean;22.9;16.5
462;Toallitas para Mascotas;Mascotas;Accesorios para Mascotas;Pet Clean;16.9;11.9
463;Bolsas para Desechos;Mascotas;Accesorios para Mascotas;Trixie;12.9;8.9
464;Comedero Doble;Mascotas;Accesorios para Mascotas;Petmate;39.9;30.4
465;Snack Natural de Hueso;Mascotas;Alimento para Perros;Ricocan;17.9;12.8
466;Snack de Atún;Mascotas;Alimento para Gatos;Felix;8.9;6.1
467;Juego de Ollas 7 piezas;Hogar;Utensilios de Cocina;Record;229.9;176.8
468;Sartén Antiadherente 24 cm;Hogar;Utensilios de Cocina;Record;79.9;60.2
469;Sartén Antiadherente 28 cm;Hogar;Utensilios de Cocina;Record;99.9;76.4
470;Olla a Presión 7 L;Hogar;Utensilios de Cocina;Record;249.9;193.5
471;Tabla para Picar;Hogar;Utensilios de Cocina;Casa Bonita;24.9;17.8
472;Juego de Cuchillos;Hogar;Utensilios de Cocina;Tramontina;119.9;91.3
473;Escurridor de Platos;Hogar;Utensilios de Cocina;Reyplast;49.9;37.9
474;Colador de Acero;Hogar;Utensilios de Cocina;Record;29.9;21.6
475;Espátula de Silicona;Hogar;Utensilios de Cocina;Casa Bonita;14.9;10.3
476;Taza Medidora;Hogar;Utensilios de Cocina;Pyrex;22.9;16.5
477;Organizador Multiuso;Hogar;Organización y Almacenamiento;Reyplast;39.9;29.8
478;Caja Organizadora 20 L;Hogar;Organización y Almacenamiento;Reyplast;44.9;34.2
479;Caja Organizadora 50 L;Hogar;Organización y Almacenamiento;Reyplast;69.9;53.7
480;Canasta Organizadora;Hogar;Organización y Almacenamiento;Reyplast;18.9;13.3
481;Perchas x10;Hogar;Organización y Almacenamiento;Plásticos Peru;16.9;11.9
482;Zapatera 4 Niveles;Hogar;Organización y Almacenamiento;Reyplast;79.9;61.2
483;Organizador de Cajón;Hogar;Organización y Almacenamiento;Casa Bonita;15.9;11.2
484;Caja para Zapatos;Hogar;Organización y Almacenamiento;Reyplast;12.9;8.9
485;Escoba Premium;Hogar;Limpieza del Hogar;Virutex;24.9;18.2
486;Trapeador Microfibra;Hogar;Limpieza del Hogar;Vileda;39.9;30.1
487;Recogedor con Jebe;Hogar;Limpieza del Hogar;Virutex;16.9;11.9
488;Balde 20 L;Hogar;Limpieza del Hogar;Reyplast;24.9;18.3
489;Escobilla para Baño;Hogar;Limpieza del Hogar;Virutex;19.9;14.3
490;Secador de Piso;Hogar;Limpieza del Hogar;Vileda;34.9;26.4
491;Plumero Microfibra;Hogar;Limpieza del Hogar;Virutex;18.9;13.4
492;Mopa Giratoria;Hogar;Limpieza del Hogar;Vileda;129.9;101.6
493;Florero de Vidrio;Hogar;Decoración;Casa Bonita;34.9;25.8
494;Portarretrato 5x7;Hogar;Decoración;Concepts Life;24.9;18.2
495;Vela Aromática;Hogar;Decoración;Glade;19.9;14.2
496;Maceta Decorativa;Hogar;Decoración;Concepts Life;39.9;29.8
497;Cojín Decorativo;Hogar;Decoración;Casa Bonita;29.9;21.7
498;Reloj de Pared;Hogar;Decoración;Concepts Life;69.9;53.9
499;Espejo Decorativo;Hogar;Decoración;Casa Bonita;89.9;69.4
500;Alfombra Decorativa;Hogar;Decoración;Casa Bonita;99.9;77.2
501;Cortina Blackout;Hogar;Decoración;Casa Bonita;119.9;92.6
502;Mantel Rectangular;Hogar;Decoración;Casa Bonita;39.9;29.8
503;Funda para Cojín;Hogar;Decoración;Casa Bonita;19.9;14.1
504;Lámpara de Mesa;Hogar;Decoración;Philips;129.9;101.3
505;Portavelas de Vidrio;Hogar;Decoración;Concepts Life;18.9;13.3
506;Canasta Decorativa;Hogar;Decoración;Casa Bonita;27.9;20.1
